id,datetime_gmtm7,temp_f,rh_pct,srad_wm2,pcp_in,soilwater_m3m3,u_mph,ug_mph,ug_deg
1,3/27/2024 9:03,59.821,41.271,1276.9,,0.3746,8.21,17.18,126.4
2,3/27/2024 9:18,56.077,76.91,103.1,0,0.3746,0.74,3,161.5
3,3/27/2024 9:33,55.999,75.459,158.1,0,0.3751,0.74,3,176.9
4,3/27/2024 9:48,56.809,74.473,58.1,0,0.3746,0.74,3,164.3
5,3/27/2024 10:03,57.389,72.528,55.6,0,0.3751,0.74,3,165.7
6,3/27/2024 10:18,58.894,68.177,58.1,0,0.3746,0.74,3,186.7
7,3/27/2024 10:33,58.624,71.328,220.6,0,0.3746,1.5,3,171.3
8,3/27/2024 10:48,59.589,66.159,59.4,0,0.3746,1.5,3.74,172.7
9,3/27/2024 11:03,58.741,68.338,68.1,0,0.3751,1.5,3.74,178.3
10,3/27/2024 11:18,59.396,66.548,69.4,0,0.3746,1.5,3.74,181.1
11,3/27/2024 11:33,60.013,64.924,69.4,0,0.3746,1.5,4.47,182.5
12,3/27/2024 11:48,60.246,65.789,95.6,0,0.3746,1.5,4.47,178.3
13,3/27/2024 12:03,60.13,68.31,708.1,0,0.3746,1.5,3,171.3
14,3/27/2024 12:18,60.208,69.932,73.1,0,0.3746,1.5,3.74,162.9
15,3/27/2024 12:33,59.898,67.098,73.1,0,0.3746,1.5,4.47,176.9
16,3/27/2024 12:48,60.708,68.536,74.4,0,0.3746,1.5,3.74,169.9
17,3/27/2024 13:03,61.443,64.543,76.9,0,0.3746,1.5,3.74,178.3
18,3/27/2024 13:18,61.675,64.881,198.1,0,0.3746,1.5,4.47,175.5
19,3/27/2024 13:33,61.405,65.537,194.4,0,0.3746,1.5,4.47,178.3
20,3/27/2024 13:48,60.323,69.25,95.6,0,0.3746,1.5,3.74,172.7
21,3/27/2024 14:03,60.825,67.271,114.4,0,0.3746,1.5,3.74,167.1
22,3/27/2024 14:18,60.825,68.843,103.1,0,0.3746,1.5,3,178.3
23,3/27/2024 14:33,61.327,66.786,104.4,0,0.3746,1.5,3.74,179.7
24,3/27/2024 14:48,60.825,66.923,159.4,0,0.3751,1.5,3,174.1
25,3/27/2024 15:03,61.095,66.929,100.6,0,0.3746,0.74,3.74,169.9
26,3/27/2024 15:18,61.018,66.992,103.1,0.05,0.3746,0.74,2.24,183.9
27,3/27/2024 15:33,61.752,67.208,80.6,0,0.3746,0.74,2.24,169.9
28,3/27/2024 15:48,60.94,68.179,279.4,0,0.3746,1.5,3,175.5
29,3/27/2024 16:03,61.867,65.893,456.9,0,0.3746,0.74,2.24,171.3
30,3/27/2024 16:18,60.863,67.794,398.1,0,0.3746,0.74,2.24,172.7
31,3/27/2024 16:33,60.361,69.253,59.4,0,0.3746,0.74,2.24,176.9
32,3/27/2024 16:48,60.285,69.152,54.4,0,0.374,0.74,2.24,176.9
33,3/27/2024 17:03,59.473,71.766,33.1,0,0.3746,0.74,3,165.7
34,3/27/2024 17:18,59.011,73.036,20.6,0,0.3746,0.74,2.24,172.7
35,3/27/2024 17:33,58.199,73.97,33.1,0,0.3746,0,1.5,174.1
36,3/27/2024 17:48,57.929,73.812,10.6,0,0.374,0.74,2.24,174.1
37,3/27/2024 18:03,57.389,74.884,8.1,0,0.3746,0,1.5,174.1
38,3/27/2024 18:18,56.887,76.277,3.1,0,0.374,0,1.5,174.1
39,3/27/2024 18:33,56.307,78.328,3.1,0,0.3746,0,0.74,174.1
40,3/27/2024 18:48,55.729,78.849,1.9,0,0.374,0,0,174.1
41,3/27/2024 19:03,54.648,81.927,1.9,0,0.3746,0,0,174.1
42,3/27/2024 19:18,53.915,84.8,0.6,0,0.3746,0,0,174.1
43,3/27/2024 19:33,53.258,85.982,0.6,0,0.374,0,0.74,174.1
44,3/27/2024 19:48,52.601,87.256,0.6,0,0.3746,0,0.74,174.1
45,3/27/2024 20:03,51.984,88.382,0.6,0,0.374,0,0.74,174.1
46,3/27/2024 20:18,51.444,89.503,0.6,0,0.374,0,0.74,172.7
47,3/27/2024 20:33,51.366,89.586,0.6,0,0.374,0,0.74,172.7
48,3/27/2024 20:48,51.251,89.982,0.6,0,0.374,0,0.74,174.1
49,3/27/2024 21:03,50.981,90.06,0.6,0,0.3734,0,0.74,174.1
50,3/27/2024 21:18,50.479,91.081,0.6,0,0.374,0,0.74,174.1
51,3/27/2024 21:33,50.517,90.881,0.6,0,0.374,0,0.74,174.1
52,3/27/2024 21:48,50.479,90.68,0.6,0,0.374,0,1.5,174.1
53,3/27/2024 22:03,50.439,90.825,0.6,0,0.374,0.74,1.5,164.3
54,3/27/2024 22:18,50.439,90.523,0.6,0,0.374,0,1.5,137.6
55,3/27/2024 22:33,50.286,90.619,0.6,0,0.3734,0,0.74,122.1
56,3/27/2024 22:48,50.131,90.227,0.6,0,0.374,0.74,0.74,115.1
57,3/27/2024 23:03,50.131,89.676,0.6,0,0.374,0.74,1.5,96.9
58,3/27/2024 23:18,49.707,90.423,0.6,0,0.3734,0,1.5,37.9
59,3/27/2024 23:33,49.977,90.101,0.6,0,0.374,0.74,1.5,32.3
60,3/27/2024 23:48,50.054,89.877,0.6,0,0.374,0,0.74,28.1
61,3/28/2024 0:03,50.209,90.66,0.6,0,0.3734,0,0.74,26.7
62,3/28/2024 0:18,50.286,91.234,0.6,0,0.374,0,1.5,25.3
63,3/28/2024 0:33,50.092,91.435,0.6,0,0.374,0,0.74,25.3
64,3/28/2024 0:48,50.209,91.426,0.6,0,0.3734,0,1.5,23.9
65,3/28/2024 1:03,50.092,91.188,0.6,0,0.374,0,0.74,22.5
66,3/28/2024 1:18,49.822,91.063,0.6,0,0.374,0,0.74,21.1
67,3/28/2024 1:33,49.629,90.564,0.6,0,0.3734,0,0.74,21.1
68,3/28/2024 1:48,48.51,92.583,0.6,0,0.374,0,0,21.1
69,3/28/2024 2:03,48.047,93.994,0.6,0,0.374,0,0,21.1
70,3/28/2024 2:18,48.24,95.219,0.6,0,0.3734,0,0,21.1
71,3/28/2024 2:33,48.702,94.791,0.6,0,0.374,0,0,21.1
72,3/28/2024 2:48,47.815,93.919,0.6,0,0.3734,0,0.74,21.1
73,3/28/2024 3:03,47.39,94.717,0.6,0,0.3734,0,0,21.1
74,3/28/2024 3:18,47.428,94.791,0.6,0,0.374,0,0.74,21.1
75,3/28/2024 3:33,47.467,94.525,0.6,0,0.3734,0,1.5,16.8
76,3/28/2024 3:48,47.467,94.566,0.6,0,0.3734,0,0.74,15.4
77,3/28/2024 4:03,47.428,94.507,0.6,0,0.374,0,0.74,16.8
78,3/28/2024 4:18,47.428,94.607,0.6,0,0.3734,0,1.5,16.8
79,3/28/2024 4:33,46.733,94.878,0.6,0,0.3734,0,0.74,16.8
80,3/28/2024 4:48,47.275,96.24,0.6,0,0.3734,0,0.74,16.8
81,3/28/2024 5:03,47.737,95.206,0.6,0,0.3734,0,0.74,16.8
82,3/28/2024 5:18,48.317,95.912,0.6,0,0.3734,0,0,16.8
83,3/28/2024 5:33,48.742,95.398,0.6,0,0.3734,0,0,16.8
84,3/28/2024 5:48,48.819,95.097,0.6,0,0.3734,0,0,16.8
85,3/28/2024 6:03,48.47,94.922,0.6,0,0.3729,0,0,16.8
86,3/28/2024 6:18,48.162,95.952,0.6,0,0.3734,0,0,16.8
87,3/28/2024 6:33,48.162,95.949,0.6,0,0.3734,0,0,16.8
88,3/28/2024 6:48,48.007,95.041,0.6,0,0.3729,0,0,16.8
89,3/28/2024 7:03,47.197,95.821,0.6,0,0.3734,0,0,16.8
90,3/28/2024 7:18,46.656,96.172,0.6,0,0.3734,0,0,16.8
91,3/28/2024 7:33,46.733,96.89,1.9,0,0.3729,0,1.5,16.8
92,3/28/2024 7:48,47.93,98.46,18.1,0,0.3734,0,0.74,18.3
93,3/28/2024 8:03,48.742,98.215,21.9,0,0.3734,0,0.74,18.3
94,3/28/2024 8:18,49.514,97.331,21.9,0,0.3729,0,1.5,19.7
95,3/28/2024 8:33,50.517,95.418,31.9,0,0.3734,0,1.5,44.9
96,3/28/2024 8:48,52.138,91.305,20.6,0,0.3734,0.74,2.24,130.6
97,3/28/2024 9:03,51.868,92.149,31.9,0,0.3729,0,1.5,144.6
98,3/28/2024 9:18,52.795,90.478,31.9,0,0.3758,0.74,2.24,146
99,3/28/2024 9:33,54.918,88.867,66.9,0,0.3758,0.74,2.24,92.7
100,3/28/2024 9:48,56.154,85.83,41.9,0,0.3762,0.74,2.24,89.9
101,3/28/2024 10:03,55.382,84.775,30.6,0,0.3758,0.74,3,140.4
102,3/28/2024 10:18,56.579,82.681,46.9,0,0.3758,0.74,2.24,174.1
103,3/28/2024 10:33,57.852,79.414,44.4,0,0.3762,0.74,3,174.1
104,3/28/2024 10:48,56.694,81.669,54.4,0,0.3758,0.74,3,185.3
105,3/28/2024 11:03,58.586,78.709,43.1,0,0.3762,0.74,2.24,155.8
106,3/28/2024 11:18,57.621,81.752,70.6,0,0.3758,0.74,3.74,176.9
107,3/28/2024 11:33,59.551,76.484,71.9,0,0.3775,0.74,3.74,183.9
108,3/28/2024 11:48,61.675,73.924,101.9,0,0.3775,1.5,3.74,168.5
109,3/28/2024 12:03,62.485,71.775,304.4,0,0.3775,1.5,3.74,188.1
110,3/28/2024 12:18,62.794,69.4,94.4,0,0.3769,0.74,3.74,161.5
111,3/28/2024 12:33,64.377,69.596,124.4,0,0.3775,1.5,3,164.3
112,3/28/2024 12:48,63.489,71.379,98.1,0,0.3775,0.74,3.74,169.9
113,3/28/2024 13:03,64.839,71.26,100.6,0,0.3775,0.74,3.74,176.9
114,3/28/2024 13:18,65.341,69.706,75.6,0,0.3769,1.5,3,176.9
115,3/28/2024 13:33,66.191,69.404,86.9,0,0.3775,1.5,3,185.3
116,3/28/2024 13:48,64.609,70.481,110.6,0,0.3769,1.5,3.74,179.7
117,3/28/2024 14:03,65.071,68.545,76.9,0,0.3769,1.5,4.47,181.1
118,3/28/2024 14:18,64.029,70.782,88.1,0,0.3769,1.5,3.74,165.7
119,3/28/2024 14:33,64.917,68.461,136.9,0,0.3775,1.5,5.23,169.9
120,3/28/2024 14:48,65.341,65.257,206.9,0,0.3762,1.5,3.74,179.7
121,3/28/2024 15:03,64.414,65.403,100.6,0,0.3769,0.74,3,192.3
122,3/28/2024 15:18,64.454,63.714,154.4,0,0.3769,0.74,2.24,183.9
123,3/28/2024 15:33,62.91,62.997,98.1,0,0.3769,0.74,3.74,171.3
124,3/28/2024 15:48,62.407,55.293,215.6,0,0.3769,1.5,5.97,146
125,3/28/2024 16:03,63.219,55.035,250.6,0,0.3769,0.74,2.24,157.2
126,3/28/2024 16:18,62.947,57.082,121.9,0,0.3769,0.74,2.24,171.3
127,3/28/2024 16:33,62.832,58.158,50.6,0,0.3769,0.74,2.24,151.6
128,3/28/2024 16:48,62.717,58.427,43.1,0,0.3769,0,1.5,151.6
129,3/28/2024 17:03,63.064,59.741,41.9,0,0.3769,0,2.24,143.2
130,3/28/2024 17:18,63.682,59.11,40.6,0,0.3769,0,1.5,126.4
131,3/28/2024 17:33,63.219,56.025,29.4,0,0.3769,0,2.24,134.8
132,3/28/2024 17:48,62.253,59.252,21.9,0,0.3769,0,1.5,147.4
133,3/28/2024 18:03,61.443,60.96,14.4,0,0.3769,0,0.74,147.4
134,3/28/2024 18:18,59.436,66.329,9.4,0,0.3769,0.74,3,144.6
135,3/28/2024 18:33,58.586,69.445,5.6,0,0.3769,0.74,3,132
136,3/28/2024 18:48,58.006,70.71,4.4,0,0.3769,0,0.74,60.4
137,3/28/2024 19:03,57.699,71.923,3.1,0,0.3769,0,0.74,77.2
138,3/28/2024 19:18,56.926,72.549,0.6,0,0.3769,0,0.74,77.2
139,3/28/2024 19:33,55.035,76.712,0.6,0,0.3769,0,0,77.2
140,3/28/2024 19:48,54.145,78.508,0.6,0,0.3769,0,0,77.2
141,3/28/2024 20:03,53.026,82.004,0.6,0,0.3762,0,0,77.2
142,3/28/2024 20:18,52.948,79.751,0.6,0,0.3769,0,2.24,77.2
143,3/28/2024 20:33,51.906,82.097,0.6,0,0.3769,0,0.74,78.6
144,3/28/2024 20:48,51.559,81.254,0.6,0,0.3762,0,0.74,78.6
145,3/28/2024 21:03,52.254,75.669,0.6,0,0.3769,0,2.24,39.3
146,3/28/2024 21:18,52.216,77.94,0.6,0,0.3769,0,2.24,115.1
147,3/28/2024 21:33,53.451,72.242,0.6,0,0.3762,0.74,4.47,16.8
148,3/28/2024 21:48,53.838,69.729,0.6,0,0.3769,0.74,3,18.3
149,3/28/2024 22:03,54.185,69.184,0.6,0,0.3769,0.74,3,29.5
150,3/28/2024 22:18,54.34,68.348,0.6,0,0.3769,1.5,3,16.8
151,3/28/2024 22:33,53.605,69.358,0.6,0,0.3769,0.74,3,26.7
152,3/28/2024 22:48,53.296,70.829,0.6,0,0.3769,0,2.24,26.7
153,3/28/2024 23:03,52.138,75.056,0.6,0,0.3762,0.74,2.24,75.8
154,3/28/2024 23:18,50.517,78.602,0.6,0,0.3769,0,1.5,74.4
155,3/28/2024 23:33,49.939,79.767,0.6,0,0.3769,0,0.74,73
156,3/28/2024 23:48,48.432,84.143,0.6,0,0.3762,0,0.74,73
157,3/29/2024 0:03,48.277,85.631,0.6,0,0.3769,0,0.74,73
158,3/29/2024 0:18,47.505,88.606,0.6,0,0.3762,0,0,73
159,3/29/2024 0:33,47.505,88.797,0.6,0,0.3762,0,0.74,73
160,3/29/2024 0:48,47.622,88.229,0.6,0,0.3762,0,0.74,73
161,3/29/2024 1:03,47.583,88.234,0.6,0,0.3762,0,0.74,73
162,3/29/2024 1:18,47.66,88.199,0.6,0,0.3762,0,1.5,71.6
163,3/29/2024 1:33,48.123,87.895,0.6,0,0.3769,0,0.74,71.6
164,3/29/2024 1:48,48.007,88.492,0.6,0,0.3762,0,0,71.6
165,3/29/2024 2:03,47.737,88.632,0.6,0,0.3762,0,0,71.6
166,3/29/2024 2:18,47.505,89.035,0.6,0,0.3769,0,1.5,70.2
167,3/29/2024 2:33,48.047,88.849,0.6,0,0.3762,0,0.74,68.8
168,3/29/2024 2:48,48.547,88.183,0.6,0,0.3762,0,0.74,68.8
169,3/29/2024 3:03,48.355,89.105,0.6,0,0.3769,0,0.74,68.8
170,3/29/2024 3:18,48.162,89.346,0.6,0,0.3762,0,0,68.8
171,3/29/2024 3:33,47.93,89.741,0.6,0,0.3758,0,0,68.8
172,3/29/2024 3:48,48.162,89.05,0.6,0,0.3762,0,1.5,68.8
173,3/29/2024 4:03,48.162,89.273,0.6,0,0.3762,0,0.74,68.8
174,3/29/2024 4:18,48.047,89.786,0.6,0,0.3758,0,0.74,68.8
175,3/29/2024 4:33,47.892,90.962,0.6,0,0.3762,0,0.74,68.8
176,3/29/2024 4:48,48.047,91.164,0.6,0,0.3762,0,0.74,68.8
177,3/29/2024 5:03,48.664,90.944,0.6,0,0.3758,0,1.5,63.2
178,3/29/2024 5:18,48.742,91.012,0.6,0,0.3762,0,0,63.2
179,3/29/2024 5:33,48.162,90.996,0.6,0,0.3762,0,0,63.2
180,3/29/2024 5:48,47.583,92.486,0.6,0,0.3758,0,0,63.2
181,3/29/2024 6:03,47.39,93.068,0.6,0,0.3762,0,0.74,63.2
182,3/29/2024 6:18,47.158,93.471,0.6,0,0.3762,0,1.5,63.2
183,3/29/2024 6:33,46.965,93.86,0.6,0,0.3758,0,0.74,64.6
184,3/29/2024 6:48,47.158,93.851,0.6,0,0.3762,0,0.74,64.6
185,3/29/2024 7:03,47.737,92.236,0.6,0,0.3758,0,0.74,64.6
186,3/29/2024 7:18,48.625,89.822,1.9,0,0.3758,0,0.74,64.6
187,3/29/2024 7:33,49.05,87.388,4.4,0,0.3762,0,1.5,64.6
188,3/29/2024 7:48,49.282,89.68,14.4,0,0.3758,0,3.74,75.8
189,3/29/2024 8:03,49.474,89.58,16.9,0,0.3758,0.74,2.24,103.9
190,3/29/2024 8:18,49.667,85.823,24.4,0,0.3762,0.74,2.24,185.3
191,3/29/2024 8:33,51.096,83.432,46.9,0,0.3762,0.74,3.74,136.2
192,3/29/2024 8:48,51.289,83.5,31.9,0,0.3758,1.5,3.74,157.2
193,3/29/2024 9:03,51.328,81.07,40.6,0,0.3762,1.5,3,195.1
194,3/29/2024 9:18,52.873,72.233,76.9,0,0.3762,2.24,4.47,183.9
195,3/29/2024 9:33,53.103,71.392,134.4,0,0.3758,1.5,7.47,167.1
196,3/29/2024 9:48,53.605,73.854,80.6,0,0.3762,1.5,4.47,175.5
197,3/29/2024 10:03,54.415,71.186,55.6,0,0.3758,2.24,6.73,174.1
198,3/29/2024 10:18,53.875,75.21,50.6,0,0.3762,1.5,3.74,178.3
199,3/29/2024 10:33,53.721,74.325,35.6,0,0.3758,1.5,3.74,189.5
200,3/29/2024 10:48,54.763,70.864,31.9,0,0.3758,1.5,4.47,171.3
201,3/29/2024 11:03,54.532,71.702,70.6,0,0.3762,2.24,4.47,171.3
202,3/29/2024 11:18,55.342,69.319,63.1,0,0.3758,1.5,4.47,172.7
203,3/29/2024 11:33,55.69,69.642,74.4,0,0.3762,2.24,5.23,154.4
204,3/29/2024 11:48,55.96,67.607,104.4,0,0.3758,2.24,5.23,183.9
205,3/29/2024 12:03,56.539,66.833,95.6,0,0.3762,2.24,5.97,169.9
206,3/29/2024 12:18,56.385,65.586,89.4,0,0.3758,2.24,5.97,178.3
207,3/29/2024 12:33,57.349,64.465,101.9,0,0.3758,3,5.97,143.2
208,3/29/2024 12:48,57.042,59.307,93.1,0,0.3758,2.24,5.97,151.6
209,3/29/2024 13:03,55.035,68.58,53.1,0,0.3758,2.24,5.97,174.1
210,3/29/2024 13:18,53.103,72.563,60.6,0,0.3758,2.24,5.23,175.5
211,3/29/2024 13:33,52.293,74.156,89.4,0,0.3758,2.24,5.23,176.9
212,3/29/2024 13:48,52.873,74.298,75.6,0,0.3758,2.24,5.23,165.7
213,3/29/2024 14:03,52.448,75.082,53.1,0,0.3758,2.24,5.23,175.5
214,3/29/2024 14:18,52.371,75.911,45.6,0,0.3751,1.5,4.47,182.5
215,3/29/2024 14:33,52.873,72.485,56.9,0,0.3758,1.5,4.47,171.3
216,3/29/2024 14:48,52.254,73.835,41.9,0,0.3758,2.24,5.97,157.2
217,3/29/2024 15:03,52.101,79.779,30.6,0,0.3751,1.5,5.23,160
218,3/29/2024 15:18,51.906,78.74,33.1,0,0.3758,1.5,3.74,176.9
219,3/29/2024 15:33,51.174,84.472,15.6,0,0.3758,1.5,4.47,162.9
220,3/29/2024 15:48,49.707,87.41,10.6,0,0.3751,0.74,3.74,96.9
221,3/29/2024 16:03,49.282,91.182,8.1,0,0.3758,0.74,2.24,109.5
222,3/29/2024 16:18,49.282,93.431,6.9,0,0.3758,0.74,3.74,129.2
223,3/29/2024 16:33,48.2,94.217,1.9,0.03,0.3751,0.74,3,169.9
224,3/29/2024 16:48,48.085,95.499,8.1,0.04,0.3758,1.5,5.23,178.3
225,3/29/2024 17:03,47.97,95.142,4.4,0.04,0.3758,1.5,4.47,91.3
226,3/29/2024 17:18,47.775,96.327,3.1,0.03,0.378,0.74,3,129.2
227,3/29/2024 17:33,48.162,96.3,3.1,0.05,0.3997,0.74,4.47,143.2
228,3/29/2024 17:48,48.047,96.516,1.9,0.05,0.4055,1.5,4.47,94.1
229,3/29/2024 18:03,48.007,96.265,0.6,0.04,0.4095,1.5,4.47,158.6
230,3/29/2024 18:18,48.085,96.466,0.6,0.05,0.4121,1.5,5.23,153
231,3/29/2024 18:33,48.2,96.574,0.6,0.04,0.4121,1.5,3.74,98.3
232,3/29/2024 18:48,48.432,96.501,0.6,0.01,0.4095,1.5,4.47,68.8
233,3/29/2024 19:03,48.432,96.786,0.6,0.01,0.4074,0.74,3,171.3
234,3/29/2024 19:18,48.664,96.988,0.6,0.01,0.4055,0.74,3.74,89.9
235,3/29/2024 19:33,49.089,96.854,0.6,0,0.4041,0.74,3,175.5
236,3/29/2024 19:48,49.167,96.776,0.6,0.01,0.4036,0.74,3.74,169.9
237,3/29/2024 20:03,49.242,96.146,0.6,0.02,0.4022,0.74,3.74,140.4
238,3/29/2024 20:18,49.474,96.333,0.6,0,0.4016,0.74,3.74,168.5
239,3/29/2024 20:33,49.822,96.612,0.6,0.01,0.4016,1.5,5.97,186.7
240,3/29/2024 20:48,50.169,95.94,0.6,0,0.401,2.24,5.23,176.9
241,3/29/2024 21:03,50.209,96.075,0.6,0.01,0.4004,1.5,5.97,157.2
242,3/29/2024 21:18,50.247,95.587,0.6,0.01,0.401,2.24,4.47,172.7
243,3/29/2024 21:33,50.401,95.193,0.6,0.01,0.4004,1.5,5.23,181.1
244,3/29/2024 21:48,50.209,95.448,0.6,0.06,0.4004,2.24,8.97,165.7
245,3/29/2024 22:03,49.977,95.605,0.6,0.09,0.4141,1.5,8.21,172.7
246,3/29/2024 22:18,49.397,94.713,0.6,0.1,0.4162,2.24,6.73,117.9
247,3/29/2024 22:33,48.934,96.043,0.6,0.09,0.4162,1.5,5.23,105.3
248,3/29/2024 22:48,48.895,96.594,0.6,0.14,0.4214,2.24,7.47,185.3
249,3/29/2024 23:03,49.242,96.236,0.6,0.12,0.4162,2.24,6.73,147.4
250,3/29/2024 23:18,49.32,95.729,0.6,0.08,0.4155,2.24,8.97,119.3
251,3/29/2024 23:33,49.282,96.887,0.6,0.11,0.4202,2.24,8.21,148.8
252,3/29/2024 23:48,49.32,97.096,0.6,0.2,0.4305,1.5,6.73,147.4
253,3/30/2024 0:03,49.05,98.242,0.6,0.19,0.4608,0.74,3,158.6
254,3/30/2024 0:18,49.437,98.604,0.6,0.16,0.4608,0,1.5,144.6
255,3/30/2024 0:33,50.671,98.302,0.6,0.12,0.4608,1.5,5.23,171.3
256,3/30/2024 0:48,50.981,98.474,0.6,0.07,0.4608,0.74,3.74,217.6
257,3/30/2024 1:03,51.289,98.3,0.6,0.05,0.4615,1.5,5.23,146
258,3/30/2024 1:18,51.559,98.796,0.6,0.02,0.4615,1.5,4.47,157.2
259,3/30/2024 1:33,51.714,99.052,0.6,0.03,0.4622,0.74,4.47,141.8
260,3/30/2024 1:48,51.829,99.174,0.6,0.02,0.4615,1.5,4.47,133.4
261,3/30/2024 2:03,51.829,99.222,0.6,0.03,0.4615,0,0.74,167.1
262,3/30/2024 2:18,51.444,99.023,0.6,0.02,0.4608,0,0.74,167.1
263,3/30/2024 2:33,50.594,98.177,0.6,0.02,0.4615,0,0,167.1
264,3/30/2024 2:48,49.977,98.521,0.6,0.01,0.4622,0,0.74,167.1
265,3/30/2024 3:03,49.861,98.81,0.6,0.01,0.4608,0,0,167.1
266,3/30/2024 3:18,49.59,98.581,0.6,0.02,0.4493,0,1.5,155.8
267,3/30/2024 3:33,49.629,98.965,0.6,0.01,0.4394,0,2.24,146
268,3/30/2024 3:48,49.629,99.052,0.6,0.01,0.4339,0,0.74,124.9
269,3/30/2024 4:03,49.359,99.016,0.6,0,0.4325,0,1.5,146
270,3/30/2024 4:18,49.089,98.795,0.6,0,0.4291,0,0,147.4
271,3/30/2024 4:33,48.934,98.911,0.6,0,0.4276,0,0,147.4
272,3/30/2024 4:48,48.547,98.627,0.6,0.01,0.4269,0,0,147.4
273,3/30/2024 5:03,47.892,98.401,0.6,0,0.425,0,0.74,147.4
274,3/30/2024 5:18,47.815,98.7,0.6,0,0.4243,0,0,147.4
275,3/30/2024 5:33,47.66,98.451,0.6,0,0.4236,0,0.74,146
276,3/30/2024 5:48,47.66,98.595,0.6,0,0.4229,0,0,146
277,3/30/2024 6:03,47.737,98.924,0.6,0,0.4209,0,1.5,141.8
278,3/30/2024 6:18,47.505,98.338,0.6,0,0.4202,0,0.74,139
279,3/30/2024 6:33,46.927,98.117,0.6,0,0.4141,0,0,139
280,3/30/2024 6:48,46.308,97.179,0.6,0,0.4121,0,0.74,139
281,3/30/2024 7:03,45.73,97.345,0.6,0,0.4121,0,0,139
282,3/30/2024 7:18,45.576,97.783,0.6,0,0.4114,0,0.74,139
283,3/30/2024 7:33,45.961,97.462,3.1,0,0.4107,0,0.74,139
284,3/30/2024 7:48,46.503,97.682,23.1,0,0.4102,0,0.74,139
285,3/30/2024 8:03,48.47,98.828,30.6,0,0.4095,0,0,139
286,3/30/2024 8:18,50.169,97.961,40.6,0,0.4088,0,0.74,139
287,3/30/2024 8:33,50.826,97.78,33.1,0,0.4088,0,1.5,139
288,3/30/2024 8:48,51.559,94.919,28.1,0,0.4088,0,1.5,139
289,3/30/2024 9:03,51.211,91.49,15.6,0,0.4074,0,0.74,140.4
290,3/30/2024 9:18,52.371,92.667,50.6,0,0.4074,0,1.5,140.4
291,3/30/2024 9:33,53.296,86.528,41.9,0,0.4074,0.74,2.24,148.8
292,3/30/2024 9:48,53.605,85.96,68.1,0,0.4055,0,2.24,144.6
293,3/30/2024 10:03,54.145,83.03,56.9,0,0.4055,0,1.5,165.7
294,3/30/2024 10:18,53.568,82.733,39.4,0,0.4055,0.74,3,154.4
295,3/30/2024 10:33,53.335,80.911,30.6,0,0.4041,0.74,2.24,176.9
296,3/30/2024 10:48,52.448,82.525,13.1,0,0.4048,0.74,2.24,169.9
297,3/30/2024 11:03,50.904,90.048,9.4,0,0.4041,0.74,3,157.2
298,3/30/2024 11:18,50.594,90.359,28.1,0,0.4041,1.5,4.47,157.2
299,3/30/2024 11:33,49.629,91.916,18.1,0,0.4041,0.74,3,137.6
300,3/30/2024 11:48,48.78,92.383,5.6,0.01,0.4041,0,2.24,137.6
301,3/30/2024 12:03,48.123,94.488,6.9,0.04,0.4036,0,1.5,136.2
302,3/30/2024 12:18,48.2,96.62,19.4,0.03,0.4048,0,1.5,161.5
303,3/30/2024 12:33,48.742,96.603,9.4,0.03,0.4095,0,0.74,164.3
304,3/30/2024 12:48,48.24,94.553,4.4,0.05,0.4236,0,3,147.4
305,3/30/2024 13:03,47.815,95.619,25.6,0.05,0.431,0,2.24,116.5
306,3/30/2024 13:18,50.014,93.921,26.9,0.04,0.4437,0.74,3,71.6
307,3/30/2024 13:33,50.594,93.118,35.6,0.03,0.45,0.74,4.47,189.5
308,3/30/2024 13:48,51.057,95.079,59.4,0.01,0.4507,1.5,5.97,151.6
309,3/30/2024 14:03,52.911,92.802,21.9,0,0.4507,2.24,5.97,127.8
310,3/30/2024 14:18,52.756,96.103,63.1,0,0.4507,2.24,8.97,127.8
311,3/30/2024 14:33,52.293,94.314,65.6,0,0.4521,2.24,7.47,140.4
312,3/30/2024 14:48,49.744,92.02,9.4,0,0.4507,2.24,7.47,144.6
313,3/30/2024 15:03,46.58,94.598,9.4,0.03,0.4514,0.74,2.24,89.9
314,3/30/2024 15:18,51.791,96.135,99.4,0.03,0.4514,2.24,8.21,132
315,3/30/2024 15:33,52.061,91.388,119.4,0.03,0.4514,2.24,7.47,127.8
316,3/30/2024 15:48,51.946,93.068,23.1,0.02,0.4514,1.5,8.21,164.3
317,3/30/2024 16:03,51.636,96.162,24.4,0.01,0.4521,2.24,8.97,150.2
318,3/30/2024 16:18,51.057,94.997,1.9,0.01,0.4521,2.24,5.97,157.2
319,3/30/2024 16:33,51.019,92.584,1.9,0.01,0.4514,3,6.73,175.5
320,3/30/2024 16:48,50.749,91.548,3.1,0,0.4514,2.24,7.47,175.5
321,3/30/2024 17:03,50.439,93.747,0.6,0.01,0.4514,2.24,8.21,169.9
322,3/30/2024 17:18,50.324,94.108,1.9,0,0.4507,3.74,11.95,139
323,3/30/2024 17:33,49.939,95.961,0.6,0,0.4521,2.24,6.73,172.7
324,3/30/2024 17:48,49.667,94.708,0.6,0.01,0.4529,1.5,4.47,106.7
325,3/30/2024 18:03,49.59,94.443,0.6,0,0.4529,1.5,5.23,168.5
326,3/30/2024 18:18,49.514,93.773,0.6,0.01,0.4536,1.5,3.74,126.4
327,3/30/2024 18:33,49.089,95.193,0.6,0.01,0.4521,1.5,4.47,179.7
328,3/30/2024 18:48,48.664,95.471,0.6,0.02,0.4521,1.5,5.97,185.3
329,3/30/2024 19:03,48.934,95.029,0.6,0.02,0.4521,1.5,4.47,196.5
330,3/30/2024 19:18,48.277,94.949,0.6,0.04,0.4521,1.5,3.74,112.3
331,3/30/2024 19:33,47.853,95.564,0.6,0.05,0.4521,0.74,2.24,110.9
332,3/30/2024 19:48,47.428,92.932,0.6,0.05,0.4529,0.74,3,26.7
333,3/30/2024 20:03,46.463,94.112,0.6,0.05,0.4529,0,3,21.1
334,3/30/2024 20:18,46,93.742,0.6,0.05,0.4529,1.5,3.74,57.6
335,3/30/2024 20:33,45.768,95.18,0.6,0.04,0.4536,1.5,7.47,105.3
336,3/30/2024 20:48,46.27,93.695,0.6,0.04,0.4536,0.74,3.74,99.7
337,3/30/2024 21:03,46.965,93.367,0.6,0.04,0.4543,0.74,3,68.8
338,3/30/2024 21:18,48.277,92.953,0.6,0.03,0.4536,1.5,4.47,74.4
339,3/30/2024 21:33,48.664,93.855,0.6,0.03,0.4529,0.74,3,73
340,3/30/2024 21:48,49.127,93.04,0.6,0.04,0.4529,1.5,4.47,51.9
341,3/30/2024 22:03,49.012,93.658,0.6,0.03,0.4536,0.74,3,66
342,3/30/2024 22:18,49.397,90.616,0.6,0.03,0.4536,0.74,3,82.8
343,3/30/2024 22:33,48.972,91.951,0.6,0.02,0.4529,0.74,6.73,23.9
344,3/30/2024 22:48,49.242,89.012,0.6,0.02,0.4536,1.5,4.47,77.2
345,3/30/2024 23:03,49.089,90.048,0.6,0.02,0.4529,1.5,8.97,75.8
346,3/30/2024 23:18,48.085,92.28,0.6,0.02,0.4529,0.74,4.47,85.6
347,3/30/2024 23:33,48.819,88.075,0.6,0.01,0.4529,0.74,3,82.8
348,3/30/2024 23:48,47.892,92.175,0.6,0.02,0.4529,0.74,2.24,85.6
349,3/31/2024 0:03,47.66,94.662,0.6,0.01,0.4521,0.74,2.24,224.6
350,3/31/2024 0:18,48.47,93.237,0.6,0.02,0.4536,0.74,3.74,85.6
351,3/31/2024 0:33,49.397,91.27,0.6,0.03,0.4529,1.5,6.73,95.5
352,3/31/2024 0:48,49.59,91.2,0.6,0.02,0.4529,1.5,4.47,87
353,3/31/2024 1:03,49.242,92.573,0.6,0.03,0.4536,1.5,4.47,140.4
354,3/31/2024 1:18,48.702,93.55,0.6,0.02,0.4536,0.74,3.74,82.8
355,3/31/2024 1:33,48.317,91.914,0.6,0.02,0.4529,0,2.24,80
356,3/31/2024 1:48,49.514,88.486,0.6,0.02,0.4536,0.74,6.73,87
357,3/31/2024 2:03,49.167,88.458,0.6,0.02,0.4536,1.5,5.97,109.5
358,3/31/2024 2:18,49.629,86.917,0.6,0.01,0.4536,2.24,5.97,92.7
359,3/31/2024 2:33,49.629,86.432,0.6,0.01,0.4543,1.5,5.97,81.4
360,3/31/2024 2:48,49.514,85.977,0.6,0.02,0.4536,0.74,5.23,73
361,3/31/2024 3:03,49.977,86.796,0.6,0,0.4536,1.5,4.47,75.8
362,3/31/2024 3:18,50.092,86.99,0.6,0.01,0.4543,1.5,3.74,77.2
363,3/31/2024 3:33,49.899,87.164,0.6,0.01,0.4543,1.5,5.23,101.1
364,3/31/2024 3:48,49.32,88.211,0.6,0.01,0.4536,1.5,3.74,80
365,3/31/2024 4:03,48.547,91.064,0.6,0,0.4536,0.74,3,87
366,3/31/2024 4:18,49.514,89.689,0.6,0,0.4536,0.74,5.97,66
367,3/31/2024 4:33,49.977,87.149,0.6,0.01,0.4529,1.5,4.47,103.9
368,3/31/2024 4:48,49.822,88.174,0.6,0,0.4543,0.74,3,88.4
369,3/31/2024 5:03,49.861,88.981,0.6,0,0.455,0.74,3.74,95.5
370,3/31/2024 5:18,50.479,86.897,0.6,0.01,0.4557,0.74,3.74,115.1
371,3/31/2024 5:33,50.092,87.753,0.6,0,0.4536,0.74,3.74,68.8
372,3/31/2024 5:48,49.242,87.858,0.6,0,0.4437,0.74,3.74,37.9
373,3/31/2024 6:03,49.242,89.799,0.6,0,0.4353,0.74,2.24,53.3
374,3/31/2024 6:18,48.51,89.906,0.6,0,0.431,0,1.5,349.6
375,3/31/2024 6:33,48.47,88.536,0.6,0.01,0.4291,0,1.5,40.7
376,3/31/2024 6:48,48.47,88.899,0.6,0,0.4298,0,3,37.9
377,3/31/2024 7:03,49.629,86.418,0.6,0,0.4284,0.74,2.24,88.4
378,3/31/2024 7:18,48.742,88.957,0.6,0,0.4276,0.74,3,28.1
379,3/31/2024 7:33,48.277,88.623,4.4,0,0.4269,0,2.24,240.1
380,3/31/2024 7:48,49.282,89.05,9.4,0,0.4276,0,0.74,196.5
381,3/31/2024 8:03,49.552,88.382,9.4,0,0.4269,0,1.5,192.3
382,3/31/2024 8:18,50.092,91.534,28.1,0,0.4276,0,0.74,190.9
383,3/31/2024 8:33,50.517,90.697,11.9,0,0.4269,0,0.74,190.9
384,3/31/2024 8:48,51.521,90.986,31.9,0,0.4269,0,1.5,190.9
385,3/31/2024 9:03,54.03,86.94,33.1,0,0.4255,0.74,3,88.4
386,3/31/2024 9:18,55.882,79.133,35.6,0,0.425,0.74,1.5,143.2
387,3/31/2024 9:33,57.389,68.411,205.6,0,0.4236,0.74,3,202.2
388,3/31/2024 9:48,57.079,78.389,159.4,0,0.4236,0.74,4.47,165.7
389,3/31/2024 10:03,57.699,70.686,68.1,0,0.4222,0.74,2.24,169.9
390,3/31/2024 10:18,57.274,72.535,54.4,0,0.4214,1.5,3,168.5
391,3/31/2024 10:33,57.582,68.878,146.9,0,0.4209,1.5,3.74,178.3
392,3/31/2024 10:48,58.663,67.23,55.6,0,0.4202,1.5,3,174.1
393,3/31/2024 11:03,58.199,69.79,74.4,0,0.4181,2.24,4.47,167.1
394,3/31/2024 11:18,57.196,64.808,86.9,0,0.4169,2.24,5.23,168.5
395,3/31/2024 11:33,57.852,66.346,71.9,0,0.4162,2.24,4.47,165.7
396,3/31/2024 11:48,57.157,70.805,108.1,0,0.4148,2.24,8.97,169.9
397,3/31/2024 12:03,58.393,70.34,83.1,0,0.4155,1.5,4.47,160
398,3/31/2024 12:18,56.307,72.398,50.6,0,0.4148,1.5,3.74,151.6
399,3/31/2024 12:33,55.999,74.298,81.9,0,0.4135,1.5,3.74,178.3
400,3/31/2024 12:48,57.312,65.606,90.6,0,0.4135,1.5,4.47,196.5
401,3/31/2024 13:03,57.852,65.917,75.6,0,0.4141,1.5,5.97,174.1
402,3/31/2024 13:18,58.586,64.897,119.4,0,0.4135,1.5,3.74,178.3
403,3/31/2024 13:33,57.891,72.963,64.4,0,0.4135,2.24,5.97,186.7
404,3/31/2024 13:48,56.579,74.652,114.4,0,0.4128,2.24,5.23,172.7
405,3/31/2024 14:03,55.459,73.579,29.4,0,0.4121,1.5,4.47,171.3
406,3/31/2024 14:18,54.34,78.795,15.6,0,0.4114,0.74,3.74,148.8
407,3/31/2024 14:33,53.335,87.013,31.9,0,0.4107,0,2.24,137.6
408,3/31/2024 14:48,52.795,89.741,51.9,0,0.4102,0,1.5,117.9
409,3/31/2024 15:03,54.262,90.797,100.6,0,0.4107,0,1.5,116.5
410,3/31/2024 15:18,54.185,85.946,41.9,0,0.4107,0.74,3,140.4
411,3/31/2024 15:33,55.112,87.79,56.9,0,0.4095,0.74,1.5,143.2
412,3/31/2024 15:48,54.493,84.175,35.6,0,0.4088,0,2.24,157.2
413,3/31/2024 16:03,54.532,87.039,15.6,0,0.4088,0,2.24,174.1
414,3/31/2024 16:18,53.683,87.842,10.6,0,0.4088,0,1.5,186.7
415,3/31/2024 16:33,53.22,90.097,5.6,0,0.4074,0,0,186.7
416,3/31/2024 16:48,52.331,89.438,5.6,0,0.4081,0,0,186.7
417,3/31/2024 17:03,51.481,91.946,5.6,0,0.4081,0,1.5,186.7
418,3/31/2024 17:18,50.594,91.719,8.1,0.01,0.4081,0.74,2.24,88.4
419,3/31/2024 17:33,50.709,95.578,9.4,0,0.4074,0,1.5,63.2
420,3/31/2024 17:48,50.556,95.084,1.9,0.01,0.4074,0,0.74,63.2
421,3/31/2024 18:03,50.671,96.425,0.6,0,0.4074,0,0,63.2
422,3/31/2024 18:18,50.324,96.461,3.1,0.01,0.4069,0,0.74,63.2
423,3/31/2024 18:33,50.439,96.8,5.6,0,0.4069,0,0,63.2
424,3/31/2024 18:48,50.092,96.121,4.4,0,0.4074,0,0,63.2
425,3/31/2024 19:03,50.209,96.451,0.6,0.01,0.4074,0,0,63.2
426,3/31/2024 19:18,49.939,97.766,0.6,0,0.4074,0,0,63.2
427,3/31/2024 19:33,50.054,97.508,0.6,0,0.4069,0,0,63.2
428,3/31/2024 19:48,49.939,97.899,0.6,0,0.4074,0,0.74,63.2
429,3/31/2024 20:03,49.939,97.952,0.6,0,0.4074,0,0,63.2
430,3/31/2024 20:18,49.977,97.966,0.6,0.01,0.4069,0,0,63.2
431,3/31/2024 20:33,50.054,98.26,0.6,0,0.4081,0,0,63.2
432,3/31/2024 20:48,49.744,97.957,0.6,0,0.4081,0,0,63.2
433,3/31/2024 21:03,49.707,98.022,0.6,0,0.4074,0,0,63.2
434,3/31/2024 21:18,49.667,98.155,0.6,0,0.4081,0,0,63.2
435,3/31/2024 21:33,49.514,98,0.6,0,0.4081,0,0,63.2
436,3/31/2024 21:48,49.474,98.297,0.6,0.01,0.4074,0,0,63.2
437,3/31/2024 22:03,49.397,97.98,0.6,0,0.4081,0,0,63.2
438,3/31/2024 22:18,49.242,98.201,0.6,0,0.4081,0,0,63.2
439,3/31/2024 22:33,49.242,98.315,0.6,0,0.4074,0,0,63.2
440,3/31/2024 22:48,49.05,98.105,0.6,0,0.4081,0,0,63.2
441,3/31/2024 23:03,48.857,98.018,0.6,0,0.4081,0,0.74,63.2
442,3/31/2024 23:18,48.78,98.273,0.6,0,0.4074,0,0.74,67.4
443,3/31/2024 23:33,48.78,98.37,0.6,0,0.4081,0,0,67.4
444,3/31/2024 23:48,48.625,97.427,0.6,0.01,0.4074,0,0.74,67.4
445,4/1/2024 0:03,48.664,98.259,0.6,0,0.4069,0,0.74,67.4
446,4/1/2024 0:18,48.702,98.476,0.6,0,0.4074,0,0,66
447,4/1/2024 0:33,48.625,98.595,0.6,0,0.4074,0,0,64.6
448,4/1/2024 0:48,48.547,98.384,0.6,0,0.4069,0,0,64.6
449,4/1/2024 1:03,48.317,98.25,0.6,0,0.4069,0,0.74,64.6
450,4/1/2024 1:18,48.394,97.51,0.6,0,0.4069,0,0.74,64.6
451,4/1/2024 1:33,48.432,97.816,0.6,0,0.4062,0,0.74,64.6
452,4/1/2024 1:48,48.317,97.903,0.6,0,0.4069,0,0,64.6
453,4/1/2024 2:03,48.277,98.277,0.6,0,0.4062,0,0,64.6
454,4/1/2024 2:18,48.2,98.489,0.6,0.01,0.4062,0,0.74,64.6
455,4/1/2024 2:33,48.2,98.286,0.6,0,0.4069,0,0.74,64.6
456,4/1/2024 2:48,48.317,98.169,0.6,0,0.4062,0,0.74,64.6
457,4/1/2024 3:03,48.355,98.183,0.6,0,0.4062,0,0.74,64.6
458,4/1/2024 3:18,48.162,98.14,0.6,0,0.4062,0,0,64.6
459,4/1/2024 3:33,47.853,97.989,0.6,0,0.4062,0,0.74,64.6
460,4/1/2024 3:48,47.428,97.624,0.6,0,0.4055,0,0.74,64.6
461,4/1/2024 4:03,47.12,97.386,0.6,0,0.4062,0,0.74,63.2
462,4/1/2024 4:18,46.773,97.421,0.6,0,0.4055,0,1.5,50.5
463,4/1/2024 4:33,46.308,97.119,0.6,0,0.4055,0,1.5,46.3
464,4/1/2024 4:48,46.038,97.687,0.6,0,0.4062,0,1.5,42.1
465,4/1/2024 5:03,45.73,98.247,0.6,0,0.4055,0,0,42.1
466,4/1/2024 5:18,45.768,98.05,0.6,0,0.4041,0,0.74,42.1
467,4/1/2024 5:33,45.883,97.234,0.6,0.01,0.4041,0,0.74,42.1
468,4/1/2024 5:48,45.768,97.284,0.6,0,0.4041,0,0.74,42.1
469,4/1/2024 6:03,45.768,97.317,0.6,0,0.4036,0,1.5,39.3
470,4/1/2024 6:18,45.768,96.785,0.6,0,0.4041,0.74,1.5,35.1
471,4/1/2024 6:33,45.613,96.689,0.6,0,0.4036,0.74,1.5,28.1
472,4/1/2024 6:48,45.768,96.661,0.6,0,0.4036,0.74,1.5,22.5
473,4/1/2024 7:03,45.691,96.73,0.6,0,0.4036,0.74,1.5,19.7
474,4/1/2024 7:18,45.808,97.029,0.6,0,0.4036,0.74,1.5,15.4
475,4/1/2024 7:33,46.348,96.735,1.9,0,0.4036,0,1.5,12.6
476,4/1/2024 7:48,47.737,96.844,15.6,0,0.4041,0,0.74,12.6
477,4/1/2024 8:03,49.437,94.434,21.9,0,0.4036,0,0.74,12.6
478,4/1/2024 8:18,51.134,94.951,30.6,0,0.4029,0,0.74,12.6
479,4/1/2024 8:33,51.174,96.075,25.6,0,0.4029,0,1.5,12.6
480,4/1/2024 8:48,52.756,94.803,29.4,0,0.4029,0,0.74,12.6
481,4/1/2024 9:03,54.03,92.062,33.1,0,0.4022,0,1.5,14
482,4/1/2024 9:18,55.69,87.799,38.1,0,0.4022,0,1.5,30.9
483,4/1/2024 9:33,56.539,90.417,93.1,0,0.4022,0,1.5,183.9
484,4/1/2024 9:48,57.504,85.878,69.4,0.01,0.4022,0.74,1.5,188.1
485,4/1/2024 10:03,58.509,88.322,44.4,0,0.4029,0,2.24,169.9
486,4/1/2024 10:18,59.088,83.116,46.9,0,0.4022,0.74,2.24,158.6
487,4/1/2024 10:33,59.898,79.724,64.4,0,0.4022,0.74,2.24,174.1
488,4/1/2024 10:48,60.593,75.225,51.9,0,0.4016,0.74,3,169.9
489,4/1/2024 11:03,61.828,69.296,54.4,0,0.4022,0.74,2.24,171.3
490,4/1/2024 11:18,62.022,71.391,55.6,0,0.4022,0.74,2.24,171.3
491,4/1/2024 11:33,62.215,67.185,58.1,0,0.4016,1.5,3.74,168.5
492,4/1/2024 11:48,63.334,72.503,75.6,0,0.4022,0.74,3,160
493,4/1/2024 12:03,64.184,71.144,64.4,0,0.4016,0.74,3,167.1
494,4/1/2024 12:18,65.071,64.402,378.1,0,0.4022,0.74,3,176.9
495,4/1/2024 12:33,64.454,60.523,64.4,0,0.4022,0.74,3.74,186.7
496,4/1/2024 12:48,64.956,60.813,233.1,0,0.4016,0.74,3.74,164.3
497,4/1/2024 13:03,64.956,57.742,65.6,0,0.401,0.74,3,174.1
498,4/1/2024 13:18,64.956,56.884,75.6,0,0.4016,0.74,3.74,183.9
499,4/1/2024 13:33,64.917,55.723,66.9,0,0.4016,0.74,3,168.5
500,4/1/2024 13:48,65.689,57.639,65.6,0,0.4016,1.5,3,178.3
501,4/1/2024 14:03,65.998,52.59,109.4,0,0.4016,1.5,3.74,185.3
502,4/1/2024 14:18,66.306,59.916,131.9,0,0.4016,0.74,3,185.3
503,4/1/2024 14:33,66.191,59.782,378.1,0.01,0.401,0.74,3,182.5
504,4/1/2024 14:48,66.231,54.293,353.1,0,0.4016,0.74,3.74,183.9
505,4/1/2024 15:03,66.153,55.915,105.6,0,0.4016,0.74,3,179.7
506,4/1/2024 15:18,65.766,58.25,408.1,0,0.4016,0.74,2.24,186.7
507,4/1/2024 15:33,65.728,56.994,83.1,0,0.401,0.74,2.24,178.3
508,4/1/2024 15:48,65.611,54.325,156.9,0,0.4016,0.74,2.24,176.9
509,4/1/2024 16:03,64.492,56.451,565.6,0,0.401,0.74,3,172.7
510,4/1/2024 16:18,64.299,56.587,171.9,0,0.401,0.74,3.74,174.1
511,4/1/2024 16:33,64.107,54.014,50.6,0,0.401,0.74,2.24,186.7
512,4/1/2024 16:48,63.527,57.214,43.1,0,0.401,0.74,3,165.7
513,4/1/2024 17:03,62.832,54.682,28.1,0,0.401,0.74,2.24,162.9
514,4/1/2024 17:18,62.37,55.117,15.6,0,0.401,0.74,3,174.1
515,4/1/2024 17:33,62.1,53.712,10.6,0,0.4004,0.74,2.24,151.6
516,4/1/2024 17:48,61.635,55.474,6.9,0,0.401,0.74,3.74,130.6
517,4/1/2024 18:03,61.405,58.204,5.6,0,0.4004,0,2.24,103.9
518,4/1/2024 18:18,61.018,56.522,4.4,0,0.401,0,2.24,132
519,4/1/2024 18:33,60.786,59.06,3.1,0,0.401,0,2.24,126.4
520,4/1/2024 18:48,60.4,63.377,1.9,0,0.399,0,2.24,74.4
521,4/1/2024 19:03,59.898,68.576,0.6,0,0.3985,0,0.74,71.6
522,4/1/2024 19:18,59.126,72.358,0.6,0,0.399,0,0.74,71.6
523,4/1/2024 19:33,59.396,70.201,0.6,0,0.3985,0,3,61.8
524,4/1/2024 19:48,60.98,66.58,0.6,0,0.3985,1.5,3.74,23.9
525,4/1/2024 20:03,60.786,65.986,0.6,0,0.3985,2.24,5.23,35.1
526,4/1/2024 20:18,60.555,65.087,0.6,0,0.3985,2.24,5.97,26.7
527,4/1/2024 20:33,60.285,64.977,0.6,0,0.3985,1.5,4.47,23.9
528,4/1/2024 20:48,60.246,62.466,0.6,0,0.3985,2.24,4.47,29.5
529,4/1/2024 21:03,60.67,58.785,0.6,0,0.3985,1.5,4.47,14
530,4/1/2024 21:18,60.863,55.242,0.6,0,0.3985,0.74,2.24,14
531,4/1/2024 21:33,60.246,59.01,0.6,0,0.3985,0.74,2.24,19.7
532,4/1/2024 21:48,56.887,71.537,0.6,0,0.399,0,0.74,9.8
533,4/1/2024 22:03,55.188,73.79,0.6,0,0.3985,0,0.74,9.8
534,4/1/2024 22:18,54.34,73.626,0.6,0,0.3978,0,0.74,9.8
535,4/1/2024 22:33,54.108,73.863,0.6,0,0.3971,0,1.5,9.8
536,4/1/2024 22:48,53.296,75.532,0.6,0,0.3964,0.74,1.5,12.6
537,4/1/2024 23:03,54.415,73.004,0.6,0,0.3971,0.74,1.5,12.6
538,4/1/2024 23:18,55.072,67.726,0.6,0,0.3971,0,1.5,11.2
539,4/1/2024 23:33,55.227,67.108,0.6,0,0.3971,0,1.5,11.2
540,4/1/2024 23:48,55.497,65.277,0.6,0,0.3964,0.74,1.5,11.2
541,4/2/2024 0:03,58.701,55.309,0.6,0,0.3971,0.74,2.24,19.7
542,4/2/2024 0:18,60.863,51.89,0.6,0,0.3964,1.5,3,12.6
543,4/2/2024 0:33,61.288,48.85,0.6,0,0.3964,1.5,3.74,2.8
544,4/2/2024 0:48,61.288,47.579,0.6,0,0.3964,0.74,3,341.2
545,4/2/2024 1:03,59.783,52.206,0.6,0,0.3959,0.74,5.23,262.5
546,4/2/2024 1:18,59.938,49.825,0.6,0,0.3959,0.74,3,237.3
547,4/2/2024 1:33,59.706,52.096,0.6,0,0.3959,0.74,3,345.4
548,4/2/2024 1:48,59.088,57.639,0.6,0,0.3959,0.74,2.24,322.9
549,4/2/2024 2:03,55.072,67.918,0.6,0,0.3952,0,1.5,216.2
550,4/2/2024 2:18,54.262,71.722,0.6,0,0.3946,0.74,1.5,217.6
551,4/2/2024 2:33,54.455,70.397,0.6,0,0.3952,0,1.5,265.3
552,4/2/2024 2:48,53.373,73.066,0.6,0,0.3952,0,0.74,286.4
553,4/2/2024 3:03,53.953,66.989,0.6,0,0.3959,0,1.5,287.8
554,4/2/2024 3:18,53.915,64.425,0.6,0,0.3952,0,1.5,289.2
555,4/2/2024 3:33,56.192,55.003,0.6,0,0.3946,0,1.5,355.2
556,4/2/2024 3:48,56.424,57.049,0.6,0,0.3959,0,0.74,355.2
557,4/2/2024 4:03,55.652,58.241,0.6,0,0.3946,0,0.74,355.2
558,4/2/2024 4:18,54.185,61.106,0.6,0,0.3939,0,0.74,355.2
559,4/2/2024 4:33,52.756,64.787,0.6,0,0.3939,0,1.5,5.6
560,4/2/2024 4:48,52.641,64.274,0.6,0,0.3934,0,2.24,51.9
561,4/2/2024 5:03,52.563,63.542,0.6,0,0.3939,0,1.5,60.4
562,4/2/2024 5:18,52.138,65.046,0.6,0,0.3939,0,1.5,59
563,4/2/2024 5:33,51.829,65.249,0.6,0,0.3939,0,1.5,51.9
564,4/2/2024 5:48,51.444,72.125,0.6,0,0.3934,0,1.5,44.9
565,4/2/2024 6:03,50.324,71.086,0.6,0,0.3939,0.74,1.5,29.5
566,4/2/2024 6:18,51.366,67.904,0.6,0,0.3939,0,1.5,19.7
567,4/2/2024 6:33,50.092,70.88,0.6,0,0.3939,0,1.5,19.7
568,4/2/2024 6:48,50.247,68.325,0.6,0,0.3939,0.74,1.5,19.7
569,4/2/2024 7:03,51.753,65.757,0.6,0,0.3939,0.74,2.24,15.4
570,4/2/2024 7:18,51.946,65.875,0.6,0,0.3939,0.74,2.24,9.8
571,4/2/2024 7:33,51.868,67.097,3.1,0,0.3934,0,0.74,8.4
572,4/2/2024 7:48,52.371,68.875,31.9,0,0.3939,0,0.74,8.4
573,4/2/2024 8:03,54.415,71.479,26.9,0,0.3939,0,1.5,8.4
574,4/2/2024 8:18,55.497,73.402,29.4,0,0.3934,0,0.74,8.4
575,4/2/2024 8:33,57.427,64.877,30.6,0,0.3939,0.74,1.5,8.4
576,4/2/2024 8:48,58.971,63.029,34.4,0,0.3939,0.74,1.5,11.2
577,4/2/2024 9:03,60.825,63.189,38.1,0,0.3939,0.74,1.5,12.6
578,4/2/2024 9:18,61.828,60.351,44.4,0,0.3939,0.74,1.5,60.4
579,4/2/2024 9:33,62.947,65.24,85.6,0,0.3939,0.74,1.5,161.5
580,4/2/2024 9:48,63.527,59.303,46.9,0,0.3934,0.74,2.24,195.1
581,4/2/2024 10:03,64.647,57.406,50.6,0,0.3939,0.74,2.24,188.1
582,4/2/2024 10:18,65.998,53.704,54.4,0,0.3934,0.74,2.24,202.2
583,4/2/2024 10:33,66.384,51.267,140.6,0,0.3934,0.74,3,183.9
584,4/2/2024 10:48,67.503,51.571,54.4,0,0.3934,0.74,2.24,192.3
585,4/2/2024 11:03,68.468,49.914,55.6,0,0.3934,0.74,3,182.5
586,4/2/2024 11:18,70.052,44.126,58.1,0,0.3934,0.74,2.24,176.9
587,4/2/2024 11:33,70.012,48.737,60.6,0,0.3934,0.74,3,182.5
588,4/2/2024 11:48,71.287,48.147,273.1,0,0.3934,0.74,3,176.9
589,4/2/2024 12:03,69.665,51.768,75.6,0,0.3939,1.5,3.74,167.1
590,4/2/2024 12:18,70.824,46.11,234.4,0,0.3934,0.74,2.24,188.1
591,4/2/2024 12:33,71.017,47.826,64.4,0,0.3934,0.74,3,192.3
592,4/2/2024 12:48,71.287,51.859,280.6,0,0.3934,1.5,3.74,181.1
593,4/2/2024 13:03,71.209,47.149,65.6,0,0.3934,1.5,3.74,181.1
594,4/2/2024 13:18,72.329,45.592,66.9,0,0.3934,0.74,2.24,182.5
595,4/2/2024 13:33,71.982,48.229,66.9,0,0.3934,0.74,3,181.1
596,4/2/2024 13:48,71.712,46.905,66.9,0,0.3927,1.5,3.74,186.7
597,4/2/2024 14:03,71.712,51.081,76.9,0,0.3934,0.74,3,154.4
598,4/2/2024 14:18,70.902,48.365,173.1,0,0.3934,1.5,3.74,176.9
599,4/2/2024 14:33,71.209,47.437,656.9,0,0.3934,0.74,2.24,172.7
600,4/2/2024 14:48,71.249,49.569,333.1,0,0.3934,0.74,2.24,174.1
601,4/2/2024 15:03,70.245,50.283,79.4,0,0.3934,0.74,3,171.3
602,4/2/2024 15:18,71.056,53.62,281.9,0,0.3927,0.74,2.24,168.5
603,4/2/2024 15:33,71.982,54.266,364.4,0,0.3934,0.74,2.24,172.7
604,4/2/2024 15:48,71.326,53.579,133.1,0,0.3934,0.74,2.24,185.3
605,4/2/2024 16:03,70.979,52.326,578.1,0,0.3927,0.74,3,192.3
606,4/2/2024 16:18,70.322,56.378,270.6,0,0.3934,0.74,3,183.9
607,4/2/2024 16:33,69.165,57.003,50.6,0,0.3934,0.74,2.24,181.1
608,4/2/2024 16:48,67.735,58.538,41.9,0,0.3927,0.74,2.24,172.7
609,4/2/2024 17:03,67.195,59.188,30.6,0,0.3934,0.74,1.5,182.5
610,4/2/2024 17:18,66.036,60.319,15.6,0,0.3927,0.74,1.5,182.5
611,4/2/2024 17:33,65.264,61.102,10.6,0,0.3927,0,1.5,182.5
612,4/2/2024 17:48,64.879,61.875,6.9,0,0.3934,0,1.5,179.7
613,4/2/2024 18:03,64.222,62.068,4.4,0,0.3934,0,0.74,179.7
614,4/2/2024 18:18,63.797,64.511,4.4,0,0.3927,0,0,179.7
615,4/2/2024 18:33,63.759,62.969,3.1,0,0.3927,0,0.74,179.7
616,4/2/2024 18:48,62.987,62.524,1.9,0,0.3934,0,0.74,179.7
617,4/2/2024 19:03,61.945,69.021,0.6,0,0.3927,0,0,179.7
618,4/2/2024 19:18,60.555,73.187,0.6,0,0.3927,0,0.74,179.7
619,4/2/2024 19:33,59.743,75.354,0.6,0,0.3927,0,1.5,179.7
620,4/2/2024 19:48,59.049,79.062,0.6,0,0.3927,0,0.74,179.7
621,4/2/2024 20:03,58.276,79.066,0.6,0,0.3927,0,0.74,179.7
622,4/2/2024 20:18,58.741,75.183,0.6,0,0.3927,0,1.5,200.8
623,4/2/2024 20:33,59.551,66.796,0.6,0,0.3927,0,1.5,242.9
624,4/2/2024 20:48,59.628,65.481,0.6,0,0.3927,0,1.5,262.5
625,4/2/2024 21:03,60.555,61.7,0.6,0,0.3927,0,1.5,9.8
626,4/2/2024 21:18,59.473,61.884,0.6,0,0.3927,0,0.74,9.8
627,4/2/2024 21:33,59.783,61.798,0.6,0,0.3927,0.74,1.5,9.8
628,4/2/2024 21:48,59.436,62.686,0.6,0,0.3927,0.74,1.5,5.6
629,4/2/2024 22:03,58.933,65.293,0.6,0,0.3927,0,1.5,7
630,4/2/2024 22:18,59.821,61.431,0.6,0,0.3927,0.74,2.24,4.2
631,4/2/2024 22:33,59.049,66.343,0.6,0,0.3927,0.74,1.5,4.2
632,4/2/2024 22:48,57.929,69.473,0.6,0,0.3927,0,1.5,4.2
633,4/2/2024 23:03,58.276,69.772,0.6,0,0.3927,0.74,1.5,4.2
634,4/2/2024 23:18,58.199,67.648,0.6,0,0.3927,0,1.5,1.4
635,4/2/2024 23:33,58.316,67.088,0.6,0,0.3927,0.74,1.5,2.8
636,4/2/2024 23:48,57.119,71.318,0.6,0,0.3927,0,0.74,1.4
637,4/3/2024 0:03,56.115,71.955,0.6,0,0.3927,0,0.74,1.4
638,4/3/2024 0:18,55.882,75.93,0.6,0,0.392,0,1.5,1.4
639,4/3/2024 0:33,55.188,75.436,0.6,0,0.3927,0,1.5,2.8
640,4/3/2024 0:48,55.305,74.263,0.6,0,0.392,0,1.5,2.8
641,4/3/2024 1:03,55.112,74.931,0.6,0,0.3927,0,0.74,2.8
642,4/3/2024 1:18,54.532,76.698,0.6,0,0.392,0,1.5,2.8
643,4/3/2024 1:33,56.037,72.372,0.6,0,0.392,0,1.5,2.8
644,4/3/2024 1:48,55.382,73.681,0.6,0,0.3909,0,0.74,2.8
645,4/3/2024 2:03,55.188,74.842,0.6,0,0.3909,0,1.5,2.8
646,4/3/2024 2:18,55.227,74.409,0.6,0,0.3909,0,1.5,2.8
647,4/3/2024 2:33,54.3,77.23,0.6,0,0.3909,0,0.74,2.8
648,4/3/2024 2:48,55.807,72.549,0.6,0,0.3909,0,1.5,2.8
649,4/3/2024 3:03,55.729,73.599,0.6,0,0.3902,0,1.5,16.8
650,4/3/2024 3:18,55.96,70.568,0.6,0,0.3909,0.74,2.24,4.2
651,4/3/2024 3:33,55.15,72.793,0.6,0,0.3909,0,1.5,2.8
652,4/3/2024 3:48,55.729,70.532,0.6,0,0.3902,0.74,1.5,2.8
653,4/3/2024 4:03,56.579,65.801,0.6,0,0.3902,0,0.74,2.8
654,4/3/2024 4:18,54.763,72.61,0.6,0,0.3902,0,1.5,2.8
655,4/3/2024 4:33,55.575,71.487,0.6,0,0.3902,0,1.5,2.8
656,4/3/2024 4:48,55.612,69.873,0.6,0,0.3902,0,1.5,2.8
657,4/3/2024 5:03,55.69,70.37,0.6,0,0.3902,0,1.5,7
658,4/3/2024 5:18,55.42,70.715,0.6,0,0.3902,0.74,1.5,7
659,4/3/2024 5:33,55.42,69.969,0.6,0,0.3902,0,1.5,7
660,4/3/2024 5:48,55.342,71.217,0.6,0,0.3902,0,1.5,7
661,4/3/2024 6:03,52.525,79.176,0.6,0,0.3902,0,0.74,7
662,4/3/2024 6:18,51.559,80.618,0.6,0,0.3895,0,0.74,7
663,4/3/2024 6:33,51.791,80.655,0.6,0,0.3895,0,1.5,7
664,4/3/2024 6:48,51.791,81.227,0.6,0,0.3902,0,0.74,7
665,4/3/2024 7:03,51.444,82.683,0.6,0,0.3895,0,0.74,7
666,4/3/2024 7:18,51.676,83.195,0.6,0,0.3895,0,1.5,7
667,4/3/2024 7:33,51.714,84.086,3.1,0,0.3895,0,1.5,9.8
668,4/3/2024 7:48,52.486,84.129,38.1,0,0.3895,0,1.5,22.5
669,4/3/2024 8:03,54.223,85.525,28.1,0,0.3895,0,2.24,60.4
670,4/3/2024 8:18,56.462,81.845,31.9,0,0.3895,0,1.5,61.8
671,4/3/2024 8:33,58.933,79.496,31.9,0,0.3895,0,1.5,66
672,4/3/2024 8:48,59.976,73.69,34.4,0,0.3895,0,1.5,141.8
673,4/3/2024 9:03,61.558,70.494,38.1,0,0.3895,0.74,2.24,164.3
674,4/3/2024 9:18,62.562,63.627,46.9,0,0.3895,0.74,3,160
675,4/3/2024 9:33,63.142,64.292,114.4,0,0.3895,0.74,3,165.7
676,4/3/2024 9:48,63.874,66.879,54.4,0,0.3895,1.5,3,179.7
677,4/3/2024 10:03,63.991,62.896,49.4,0,0.389,1.5,3,182.5
678,4/3/2024 10:18,65.458,62.043,65.6,0,0.3895,1.5,3,181.1
679,4/3/2024 10:33,64.956,64.721,193.1,0,0.389,1.5,3.74,172.7
680,4/3/2024 10:48,66.076,63.02,54.4,0,0.3895,0.74,3,178.3
681,4/3/2024 11:03,66.578,63.674,55.6,0,0.3895,1.5,4.47,168.5
682,4/3/2024 11:18,67.851,62.24,58.1,0,0.3895,0.74,3,183.9
683,4/3/2024 11:33,67.233,62.766,60.6,0,0.3895,1.5,3,174.1
684,4/3/2024 11:48,68.43,60.589,248.1,0,0.3895,1.5,3.74,198
685,4/3/2024 12:03,68.778,60.401,75.6,0,0.3895,1.5,3.74,179.7
686,4/3/2024 12:18,68.545,62.461,74.4,0,0.389,1.5,3,183.9
687,4/3/2024 12:33,68.585,61.32,64.4,0,0.3895,1.5,3.74,189.5
688,4/3/2024 12:48,67.928,64.501,129.4,0,0.3895,1.5,3,185.3
689,4/3/2024 13:03,67.311,64.607,65.6,0,0.389,0.74,3,190.9
690,4/3/2024 13:18,67.581,65.519,68.1,0,0.3895,0.74,3,189.5
691,4/3/2024 13:33,66.461,63.546,66.9,0,0.389,0.74,3,186.7
692,4/3/2024 13:48,66.153,61.701,66.9,0,0.3895,1.5,3.74,182.5
693,4/3/2024 14:03,65.844,62.052,69.4,0,0.3895,1.5,3,182.5
694,4/3/2024 14:18,66.423,62.837,453.1,0,0.3895,0.74,3,175.5
695,4/3/2024 14:33,66.538,60.111,358.1,0,0.389,1.5,3,178.3
696,4/3/2024 14:48,66.848,57.906,623.1,0,0.389,0.74,2.24,185.3
697,4/3/2024 15:03,66.538,58.589,114.4,0,0.389,1.5,3,192.3
698,4/3/2024 15:18,66.578,61.242,263.1,0,0.389,0.74,3,189.5
699,4/3/2024 15:33,66.268,62.8,414.4,0,0.389,0.74,3,167.1
700,4/3/2024 15:48,67.041,64.324,131.9,0,0.3895,0.74,2.24,171.3
701,4/3/2024 16:03,65.921,67.066,558.1,0,0.389,1.5,3.74,179.7
702,4/3/2024 16:18,65.766,66.435,265.6,0,0.389,0.74,2.24,178.3
703,4/3/2024 16:33,64.724,67.276,66.9,0,0.389,0.74,2.24,168.5
704,4/3/2024 16:48,63.644,68.71,41.9,0,0.3895,0.74,2.24,172.7
705,4/3/2024 17:03,63.334,67.921,31.9,0,0.389,0.74,2.24,162.9
706,4/3/2024 17:18,63.412,68.275,16.9,0,0.3895,0,1.5,171.3
707,4/3/2024 17:33,63.102,67.135,10.6,0,0.389,0.74,2.24,171.3
708,4/3/2024 17:48,62.755,68.667,6.9,0,0.389,0,1.5,154.4
709,4/3/2024 18:03,62.137,71.359,4.4,0,0.3895,0,1.5,169.9
710,4/3/2024 18:18,61.675,71.473,4.4,0,0.3895,0,0.74,169.9
711,4/3/2024 18:33,61.288,73.114,3.1,0,0.3895,0,0.74,169.9
712,4/3/2024 18:48,60.516,71.112,1.9,0,0.389,0,0,169.9
713,4/3/2024 19:03,59.628,74.536,0.6,0,0.3895,0,0,169.9
714,4/3/2024 19:18,58.239,79.405,0.6,0,0.389,0,0.74,169.9
715,4/3/2024 19:33,57.389,81.697,0.6,0,0.3895,0,0.74,169.9
716,4/3/2024 19:48,56.849,83.529,0.6,0,0.389,0,0.74,169.9
717,4/3/2024 20:03,55.807,86.014,0.6,0,0.3895,0,0,169.9
718,4/3/2024 20:18,54.957,88.614,0.6,0,0.389,0,0.74,169.9
719,4/3/2024 20:33,54.61,89.068,0.6,0,0.389,0,0,169.9
720,4/3/2024 20:48,53.838,90.097,0.6,0,0.3883,0,0,169.9
721,4/3/2024 21:03,53.143,91.769,0.6,0,0.389,0,0,169.9
722,4/3/2024 21:18,52.525,91.911,0.6,0,0.389,0,0.74,169.9
723,4/3/2024 21:33,52.138,92.84,0.6,0,0.3883,0,0,169.9
724,4/3/2024 21:48,51.868,93.411,0.6,0,0.389,0,0,169.9
725,4/3/2024 22:03,51.289,93.051,0.6,0,0.389,0,0,169.9
726,4/3/2024 22:18,50.787,94.314,0.6,0,0.3883,0,0,169.9
727,4/3/2024 22:33,50.864,93.516,0.6,0,0.389,0,0.74,169.9
728,4/3/2024 22:48,51.057,94.864,0.6,0,0.389,0,0,169.9
729,4/3/2024 23:03,50.517,94.722,0.6,0,0.3883,0,0,169.9
730,4/3/2024 23:18,49.744,93.452,0.6,0,0.389,0,0,169.9
731,4/3/2024 23:33,50.169,97.281,0.6,0,0.389,0,0.74,169.9
732,4/3/2024 23:48,49.899,95.096,0.6,0,0.389,0,0.74,169.9
733,4/4/2024 0:03,49.59,96.146,0.6,0,0.389,0,0,169.9
734,4/4/2024 0:18,49.939,96.954,0.6,0,0.389,0,0.74,169.9
735,4/4/2024 0:33,50.209,97.829,0.6,0,0.3883,0,0.74,169.9
736,4/4/2024 0:48,50.671,97.757,0.6,0,0.389,0,2.24,169.9
737,4/4/2024 1:03,50.634,98.058,0.6,0,0.389,0.74,3,193.7
738,4/4/2024 1:18,50.556,98.219,0.6,0,0.3883,0.74,3,220.4
739,4/4/2024 1:33,50.517,98.456,0.6,0,0.389,1.5,3.74,157.2
740,4/4/2024 1:48,50.671,97.842,0.6,0,0.3883,0.74,4.47,22.5
741,4/4/2024 2:03,50.594,97.491,0.6,0,0.3883,0.74,3,219
742,4/4/2024 2:18,50.594,97.446,0.6,0,0.389,0.74,3,49.1
743,4/4/2024 2:33,50.749,97.304,0.6,0,0.3883,0.74,3,21.1
744,4/4/2024 2:48,50.864,97.436,0.6,0,0.389,0.74,3.74,96.9
745,4/4/2024 3:03,50.787,97.041,0.6,0,0.3883,0.74,2.24,124.9
746,4/4/2024 3:18,50.981,96.451,0.6,0,0.3883,0.74,3.74,109.5
747,4/4/2024 3:33,50.864,96.483,0.6,0,0.389,0,2.24,122.1
748,4/4/2024 3:48,50.749,96.173,0.6,0,0.3883,0,1.5,153
749,4/4/2024 4:03,50.709,95.834,0.6,0,0.3883,0,1.5,251.3
750,4/4/2024 4:18,50.169,95.212,0.6,0,0.3883,0,1.5,247.1
751,4/4/2024 4:33,49.707,95.262,0.6,0,0.3883,0,1.5,245.7
752,4/4/2024 4:48,49.204,95.322,0.6,0,0.3883,0,1.5,269.6
753,4/4/2024 5:03,48.934,96.439,0.6,0,0.3877,0,1.5,269.6
754,4/4/2024 5:18,49.899,97.252,0.6,0,0.3883,0,2.24,258.3
755,4/4/2024 5:33,50.401,96.103,0.6,0,0.3883,0,3,80
756,4/4/2024 5:48,50.517,95.421,0.6,0,0.3877,0,2.24,64.6
757,4/4/2024 6:03,50.479,95.244,0.6,0,0.3883,0,2.24,91.3
758,4/4/2024 6:18,50.634,95.203,0.6,0,0.3883,0,0.74,122.1
759,4/4/2024 6:33,50.749,94.987,0.6,0,0.3877,0,1.5,96.9
760,4/4/2024 6:48,50.749,95.59,0.6,0,0.3883,0,0,92.7
761,4/4/2024 7:03,50.749,96.469,0.6,0,0.3883,0,0,92.7
762,4/4/2024 7:18,50.671,95.976,0.6,0,0.3877,0,0,92.7
763,4/4/2024 7:33,50.709,96.881,3.1,0,0.3883,0,0,92.7
764,4/4/2024 7:48,51.057,96.516,6.9,0,0.3883,0,0.74,92.7
765,4/4/2024 8:03,51.174,93.87,6.9,0,0.3877,0,1.5,92.7
766,4/4/2024 8:18,51.791,94.914,10.6,0,0.3883,0,1.5,112.3
767,4/4/2024 8:33,51.598,93.014,14.4,0,0.3877,0,1.5,185.3
768,4/4/2024 8:48,51.636,92.914,8.1,0,0.3877,0,0.74,167.1
769,4/4/2024 9:03,51.406,93.457,8.1,0,0.3883,0,0.74,167.1
770,4/4/2024 9:18,51.366,94.295,11.9,0,0.3877,0,0.74,167.1
771,4/4/2024 9:33,51.559,94.62,9.4,0,0.3877,0,0.74,167.1
772,4/4/2024 9:48,51.829,95.18,10.6,0,0.3877,0,0,167.1
773,4/4/2024 10:03,51.636,93.399,10.6,0,0.3877,0,0.74,167.1
774,4/4/2024 10:18,51.019,93.902,13.1,0,0.3877,0,1.5,167.1
775,4/4/2024 10:33,51.174,93.329,18.1,0,0.3877,0,0.74,167.1
776,4/4/2024 10:48,51.289,89.444,15.6,0,0.3877,0,0.74,167.1
777,4/4/2024 11:03,50.904,89.456,24.4,0,0.3872,0,1.5,167.1
778,4/4/2024 11:18,51.251,85.519,30.6,0,0.3877,0,3,134.8
779,4/4/2024 11:33,52.756,77.99,44.4,0,0.3877,0,2.24,94.1
780,4/4/2024 11:48,54.03,79.405,51.9,0,0.3872,0,1.5,87
781,4/4/2024 12:03,55.999,70.187,58.1,0,0.3877,0.74,3,117.9
782,4/4/2024 12:18,56.307,71.543,100.6,0,0.3877,0.74,2.24,119.3
783,4/4/2024 12:33,59.396,64.355,71.9,0,0.3877,0.74,3,158.6
784,4/4/2024 12:48,58.818,58.376,81.9,0,0.3877,1.5,4.47,182.5
785,4/4/2024 13:03,58.856,64.453,85.6,0,0.3877,1.5,6.73,172.7
786,4/4/2024 13:18,59.743,60.153,64.4,0,0.3877,1.5,3.74,179.7
787,4/4/2024 13:33,57.079,66.526,76.9,0,0.3877,1.5,4.47,150.2
788,4/4/2024 13:48,58.663,59.719,75.6,0,0.3877,1.5,4.47,157.2
789,4/4/2024 14:03,57.312,61.028,118.1,0,0.3877,1.5,3.74,172.7
790,4/4/2024 14:18,55.265,66.795,80.6,0,0.3883,1.5,5.23,175.5
791,4/4/2024 14:33,53.875,70.857,71.9,0,0.3877,2.24,6.73,164.3
792,4/4/2024 14:48,52.873,74.284,35.6,0,0.3872,1.5,6.73,137.6
793,4/4/2024 15:03,50.941,79.93,34.4,0,0.3872,1.5,4.47,130.6
794,4/4/2024 15:18,50.981,83.914,51.9,0,0.3877,0.74,5.97,148.8
795,4/4/2024 15:33,52.176,79.316,36.9,0,0.3872,0.74,2.24,143.2
796,4/4/2024 15:48,53.721,73.313,65.6,0,0.3872,0.74,3,127.8
797,4/4/2024 16:03,53.065,71.498,44.4,0,0.3877,0.74,3,136.2
798,4/4/2024 16:18,52.948,66.419,70.6,0,0.3872,1.5,4.47,161.5
799,4/4/2024 16:33,53.143,63.748,36.9,0,0.3877,0.74,3.74,153
800,4/4/2024 16:48,52.988,61.292,84.4,0,0.3872,1.5,4.47,141.8
801,4/4/2024 17:03,53.875,61.155,43.1,0,0.3872,1.5,4.47,158.6
802,4/4/2024 17:18,52.678,61.869,23.1,0,0.3865,1.5,4.47,146
803,4/4/2024 17:33,51.829,62.679,15.6,0,0.3877,1.5,5.97,150.2
804,4/4/2024 17:48,51.753,64.282,11.9,0,0.3872,1.5,5.23,165.7
805,4/4/2024 18:03,50.864,64.92,10.6,0,0.3865,1.5,5.23,182.5
806,4/4/2024 18:18,50.556,64.877,8.1,0,0.3872,0.74,4.47,161.5
807,4/4/2024 18:33,49.707,68.092,3.1,0,0.3872,1.5,5.23,133.4
808,4/4/2024 18:48,49.012,71.766,1.9,0,0.3872,1.5,4.47,148.8
809,4/4/2024 19:03,48.625,69.725,1.9,0,0.3872,0.74,5.23,123.5
810,4/4/2024 19:18,45.923,80.124,0.6,0,0.3872,0.74,5.23,61.8
811,4/4/2024 19:33,45.036,82.701,0.6,0,0.3865,0,1.5,18.3
812,4/4/2024 19:48,44.571,82.843,0.6,0,0.3872,0,0.74,11.2
813,4/4/2024 20:03,43.916,81.602,0.6,0,0.3872,0,0.74,11.2
814,4/4/2024 20:18,43.259,77.386,0.6,0,0.3865,0,0.74,11.2
815,4/4/2024 20:33,43.259,78.645,0.6,0,0.3872,0,1.5,11.2
816,4/4/2024 20:48,43.993,70.951,0.6,0,0.3865,0,1.5,4.2
817,4/4/2024 21:03,43.569,72.833,0.6,0,0.3865,0,0.74,338.3
818,4/4/2024 21:18,42.834,77.11,0.6,0,0.3865,0,0.74,338.3
819,4/4/2024 21:33,42.874,75.86,0.6,0,0.3872,0,0.74,338.3
820,4/4/2024 21:48,43.839,76.899,0.6,0,0.3872,0,1.5,355.2
821,4/4/2024 22:03,44.649,78.108,0.6,0,0.3865,0.74,3,99.7
822,4/4/2024 22:18,43.529,81.25,0.6,0,0.3865,0,0.74,101.1
823,4/4/2024 22:33,42.564,83.41,0.6,0,0.3865,0,0.74,101.1
824,4/4/2024 22:48,41.677,85.09,0.6,0,0.3865,0,0.74,99.7
825,4/4/2024 23:03,41.754,85.754,0.6,0,0.3865,0,0.74,98.3
826,4/4/2024 23:18,43.259,83.369,0.6,0,0.3859,0.74,5.23,108.1
827,4/4/2024 23:33,43.221,88.682,0.6,0,0.3865,0,0.74,226
828,4/4/2024 23:48,42.642,87.016,0.6,0,0.3865,0.74,4.47,63.2
829,4/5/2024 0:03,41.83,86.629,0.6,0,0.3859,0,1.5,49.1
830,4/5/2024 0:18,42.139,86.537,0.6,0,0.3865,0,0.74,42.1
831,4/5/2024 0:33,41.792,89.186,0.6,0,0.3859,0,0.74,42.1
832,4/5/2024 0:48,42.372,89.502,0.6,0,0.3859,0,0,42.1
833,4/5/2024 1:03,42.217,88.302,0.6,0,0.3865,0,0.74,42.1
834,4/5/2024 1:18,42.526,91.353,0.6,0,0.3859,0,0.74,42.1
835,4/5/2024 1:33,42.679,91.447,0.6,0,0.3865,0,0.74,42.1
836,4/5/2024 1:48,42.912,91.305,0.6,0,0.3865,0,0.74,42.1
837,4/5/2024 2:03,42.834,90.185,0.6,0,0.3859,0,0,42.1
838,4/5/2024 2:18,42.912,94.322,0.6,0,0.3859,0,1.5,42.1
839,4/5/2024 2:33,42.719,95.055,0.6,0,0.3859,0,1.5,42.1
840,4/5/2024 2:48,42.757,94.777,0.6,0,0.3859,0,0.74,42.1
841,4/5/2024 3:03,42.679,95.697,0.6,0,0.3854,0,0,42.1
842,4/5/2024 3:18,42.294,96.075,0.6,0,0.3859,0,0.74,42.1
843,4/5/2024 3:33,42.409,96.461,0.6,0.01,0.3859,0,0,42.1
844,4/5/2024 3:48,42.294,96.281,0.6,0,0.3854,0,0.74,42.1
845,4/5/2024 4:03,42.332,95.709,0.6,0,0.3859,0,2.24,49.1
846,4/5/2024 4:18,42.602,96.913,0.6,0,0.3859,0,0.74,64.6
847,4/5/2024 4:33,42.719,97.037,0.6,0.01,0.3854,0,0,64.6
848,4/5/2024 4:48,42.564,97.134,0.6,0.01,0.3859,0,0.74,64.6
849,4/5/2024 5:03,42.217,96.684,0.6,0,0.3859,0,0,64.6
850,4/5/2024 5:18,42.102,97.16,0.6,0,0.3854,0,0,64.6
851,4/5/2024 5:33,41.677,97.102,0.6,0.01,0.3859,0,0,64.6
852,4/5/2024 5:48,41.445,97.285,0.6,0,0.3859,0,0,64.6
853,4/5/2024 6:03,41.329,97.418,0.6,0,0.3854,0,0,64.6
854,4/5/2024 6:18,41.367,97.362,0.6,0,0.3859,0,0,64.6
855,4/5/2024 6:33,41.058,97.54,0.6,0,0.3854,0,0.74,64.6
856,4/5/2024 6:48,41.252,97.789,0.6,0,0.3854,0,0.74,64.6
857,4/5/2024 7:03,41.445,97.957,3.1,0,0.3859,0,0,64.6
858,4/5/2024 7:18,41.637,97.829,5.6,0,0.3854,0,0.74,64.6
859,4/5/2024 7:33,41.677,97.812,11.9,0,0.3859,0,0.74,64.6
860,4/5/2024 7:48,42.564,98.128,18.1,0,0.3859,0,0.74,64.6
861,4/5/2024 8:03,44.186,95.247,35.6,0,0.3854,0,0.74,64.6
862,4/5/2024 8:18,45.073,93.97,10.6,0,0.3854,0,1.5,64.6
863,4/5/2024 8:33,45.768,93.397,28.1,0,0.3854,0,0.74,64.6
864,4/5/2024 8:48,46,91.568,35.6,0,0.3854,0,0.74,66
865,4/5/2024 9:03,48.47,93.491,41.9,0,0.3859,0,1.5,68.8
866,4/5/2024 9:18,49.474,90.712,25.6,0,0.3854,0.74,2.24,167.1
867,4/5/2024 9:33,49.861,89.068,198.1,0,0.3854,0.74,3.74,162.9
868,4/5/2024 9:48,50.709,82.66,239.4,0,0.3847,0.74,3.74,146
869,4/5/2024 10:03,51.598,85.19,58.1,0,0.3854,0.74,2.24,153
870,4/5/2024 10:18,50.787,73.622,48.1,0,0.3854,1.5,3.74,168.5
871,4/5/2024 10:33,50.324,75.358,53.1,0,0.3847,0.74,4.47,162.9
872,4/5/2024 10:48,51.366,73.748,50.6,0,0.3854,1.5,6.73,158.6
873,4/5/2024 11:03,51.714,65.757,65.6,0,0.3854,1.5,4.47,143.2
874,4/5/2024 11:18,52.641,69.693,61.9,0,0.3847,0.74,3.74,136.2
875,4/5/2024 11:33,54.108,69.702,83.1,0,0.3854,1.5,3.74,185.3
876,4/5/2024 11:48,53.875,64.735,86.9,0,0.3854,1.5,4.47,151.6
877,4/5/2024 12:03,53.258,61.741,74.4,0,0.3854,2.24,5.23,143.2
878,4/5/2024 12:18,55.112,61.335,85.6,0,0.3854,1.5,4.47,141.8
879,4/5/2024 12:33,53.798,57.591,36.9,0,0.3854,1.5,6.73,141.8
880,4/5/2024 12:48,49.397,73.571,31.9,0,0.3854,1.5,5.23,103.9
881,4/5/2024 13:03,50.634,73.826,83.1,0,0.3847,1.5,4.47,146
882,4/5/2024 13:18,52.641,65.414,68.1,0,0.3847,1.5,5.97,151.6
883,4/5/2024 13:33,49.744,66.627,71.9,0,0.3854,1.5,5.23,80
884,4/5/2024 13:48,49.667,63.806,71.9,0,0.3847,1.5,8.21,126.4
885,4/5/2024 14:03,53.181,59.475,104.4,0,0.3847,1.5,5.23,150.2
886,4/5/2024 14:18,53.838,61.395,504.4,0,0.3854,1.5,5.23,181.1
887,4/5/2024 14:33,52.601,58.607,150.6,0,0.3847,1.5,6.73,161.5
888,4/5/2024 14:48,53.373,54.981,58.1,0,0.3854,1.5,6.73,174.1
889,4/5/2024 15:03,50.787,64.387,51.9,0,0.3854,1.5,7.47,136.2
890,4/5/2024 15:18,54.61,56.574,63.1,0,0.3847,1.5,5.97,158.6
891,4/5/2024 15:33,53.335,58.894,254.4,0,0.3847,1.5,6.73,133.4
892,4/5/2024 15:48,49.474,64.453,11.9,0,0.3854,1.5,5.97,168.5
893,4/5/2024 16:03,48.547,73.928,391.9,0,0.3847,1.5,6.73,136.2
894,4/5/2024 16:18,51.481,69.093,41.9,0,0.3854,0.74,3.74,150.2
895,4/5/2024 16:33,52.216,62.213,45.6,0,0.3847,1.5,3.74,183.9
896,4/5/2024 16:48,50.864,65.422,36.9,0,0.3847,1.5,4.47,182.5
897,4/5/2024 17:03,50.169,69.454,16.9,0,0.3854,1.5,5.97,109.5
898,4/5/2024 17:18,49.397,65.853,20.6,0,0.3847,1.5,5.97,113.7
899,4/5/2024 17:33,49.59,63.449,20.6,0,0.3847,1.5,5.97,110.9
900,4/5/2024 17:48,49.397,61.718,6.9,0,0.3854,0.74,4.47,112.3
901,4/5/2024 18:03,48.895,60.406,5.6,0,0.3847,0.74,5.97,153
902,4/5/2024 18:18,48.702,60.002,5.6,0,0.3847,1.5,4.47,143.2
903,4/5/2024 18:33,48.625,64.012,4.4,0,0.3847,0.74,5.23,133.4
904,4/5/2024 18:48,48.432,61.48,3.1,0,0.3847,1.5,5.23,133.4
905,4/5/2024 19:03,47.35,71.505,3.1,0,0.3847,1.5,5.23,140.4
906,4/5/2024 19:18,45.266,74.945,0.6,0,0.384,0.74,4.47,167.1
907,4/5/2024 19:33,45.536,68.502,0.6,0,0.3847,0.74,5.23,124.9
908,4/5/2024 19:48,45.961,66.323,0.6,0,0.3847,1.5,5.23,176.9
909,4/5/2024 20:03,45.576,66.529,0.6,0,0.384,0.74,3.74,140.4
910,4/5/2024 20:18,45.073,72.061,0.6,0,0.3847,0.74,3.74,150.2
911,4/5/2024 20:33,44.726,68.127,0.6,0,0.3847,0.74,3,144.6
912,4/5/2024 20:48,44.764,70.559,0.6,0,0.384,0.74,3,158.6
913,4/5/2024 21:03,44.456,75.714,0.6,0,0.3847,0.74,3,186.7
914,4/5/2024 21:18,43.761,79.239,0.6,0,0.384,0,1.5,182.5
915,4/5/2024 21:33,44.031,74.481,0.6,0,0.384,0.74,2.24,148.8
916,4/5/2024 21:48,44.416,73.136,0.6,0,0.3847,0.74,4.47,122.1
917,4/5/2024 22:03,44.069,75.532,0.6,0,0.3847,0.74,3,181.1
918,4/5/2024 22:18,45.151,69.914,0.6,0,0.384,1.5,5.23,182.5
919,4/5/2024 22:33,46.463,58.656,0.6,0,0.3847,0.74,5.97,196.5
920,4/5/2024 22:48,47.815,54.025,0.6,0,0.384,1.5,5.23,73
921,4/5/2024 23:03,47.7,51.159,0.6,0,0.384,1.5,5.23,47.7
922,4/5/2024 23:18,44.996,69.729,0.6,0,0.384,1.5,5.23,105.3
923,4/5/2024 23:33,44.301,73.462,0.6,0,0.384,0.74,3,133.4
924,4/5/2024 23:48,44.494,73.373,0.6,0,0.384,0.74,3,186.7
925,4/6/2024 0:03,44.341,73.173,0.6,0,0.384,0.74,2.24,178.3
926,4/6/2024 0:18,43.876,74.075,0.6,0,0.384,0.74,4.47,151.6
927,4/6/2024 0:33,44.456,71.46,0.6,0,0.384,0.74,3.74,80
928,4/6/2024 0:48,43.761,73.223,0.6,0,0.384,0,1.5,26.7
929,4/6/2024 1:03,42.949,75.509,0.6,0,0.384,0,0.74,26.7
930,4/6/2024 1:18,42.642,75.819,0.6,0,0.3834,0,0.74,26.7
931,4/6/2024 1:33,42.757,74.524,0.6,0,0.384,0,0.74,26.7
932,4/6/2024 1:48,42.487,77.719,0.6,0,0.384,0,1.5,26.7
933,4/6/2024 2:03,42.024,76.735,0.6,0,0.3834,0,1.5,23.9
934,4/6/2024 2:18,41.754,77.375,0.6,0,0.384,0,0.74,19.7
935,4/6/2024 2:33,41.715,76.214,0.6,0,0.384,0,1.5,19.7
936,4/6/2024 2:48,40.827,79.829,0.6,0,0.384,0,0.74,19.7
937,4/6/2024 3:03,41.212,76.249,0.6,0,0.384,0,1.5,19.7
938,4/6/2024 3:18,41.175,76.507,0.6,0,0.3834,0,0.74,19.7
939,4/6/2024 3:33,40.595,79.783,0.6,0,0.3834,0,0.74,19.7
940,4/6/2024 3:48,41.56,75.233,0.6,0,0.384,0.74,1.5,15.4
941,4/6/2024 4:03,41.058,75.335,0.6,0,0.3834,0,1.5,9.8
942,4/6/2024 4:18,41.482,74.408,0.6,0,0.3834,0.74,1.5,7
943,4/6/2024 4:33,41.367,74.98,0.6,0,0.3834,0,1.5,7
944,4/6/2024 4:48,46,57.763,0.6,0,0.3834,0.74,3,7
945,4/6/2024 5:03,46.695,55.776,0.6,0,0.3834,0.74,3.74,19.7
946,4/6/2024 5:18,46,57.324,0.6,0,0.3834,0.74,2.24,2.8
947,4/6/2024 5:33,47.08,53.333,0.6,0,0.3834,0.74,5.97,96.9
948,4/6/2024 5:48,45.036,60.711,0.6,0,0.3834,0.74,3,183.9
949,4/6/2024 6:03,44.031,60.629,0.6,0,0.3834,0,1.5,238.7
950,4/6/2024 6:18,43.336,62.306,0.6,0,0.3834,0,0.74,268.1
951,4/6/2024 6:33,42.679,64.81,0.6,0,0.3829,0,0.74,268.1
952,4/6/2024 6:48,42.332,70.805,0.6,0,0.3834,0,0.74,268.1
953,4/6/2024 7:03,41.83,72.207,0.6,0,0.3834,0,0.74,268.1
954,4/6/2024 7:18,41.599,70.491,1.9,0,0.3829,0,1.5,271
955,4/6/2024 7:33,42.372,70.7,5.6,0,0.3834,0,1.5,275.2
956,4/6/2024 7:48,44.301,69.12,26.9,0,0.3834,0,1.5,315.9
957,4/6/2024 8:03,45.576,69.541,26.9,0,0.3829,0,2.24,332.7
958,4/6/2024 8:18,47.583,71.176,53.1,0,0.3834,0.74,1.5,106.7
959,4/6/2024 8:33,48.664,68.132,33.1,0,0.3829,0.74,2.24,105.3
960,4/6/2024 8:48,50.941,54.028,36.9,0,0.3829,0,1.5,110.9
961,4/6/2024 9:03,52.176,51.928,43.1,0,0.3834,0.74,2.24,151.6
962,4/6/2024 9:18,52.525,52.636,45.6,0,0.3834,0.74,3.74,162.9
963,4/6/2024 9:33,53.181,57.873,129.4,0,0.3829,0.74,3,130.6
964,4/6/2024 9:48,53.875,50.912,136.9,0,0.3834,1.5,3,189.5
965,4/6/2024 10:03,53.875,50.384,50.6,0,0.3829,1.5,3,178.3
966,4/6/2024 10:18,53.76,51.308,133.1,0,0.3829,1.5,3.74,176.9
967,4/6/2024 10:33,54.262,54.217,59.4,0,0.3834,1.5,3.74,175.5
968,4/6/2024 10:48,55.227,46.682,56.9,0,0.3829,0.74,3,189.5
969,4/6/2024 11:03,54.995,45.606,59.4,0,0.384,1.5,3,178.3
970,4/6/2024 11:18,54.687,47.483,61.9,0,0.3829,1.5,3.74,172.7
971,4/6/2024 11:33,54.648,45.893,64.4,0,0.3829,1.5,4.47,185.3
972,4/6/2024 11:48,55.882,47.414,66.9,0,0.3834,1.5,3,190.9
973,4/6/2024 12:03,56.617,44.361,65.6,0,0.3829,1.5,3.74,176.9
974,4/6/2024 12:18,56.154,46.722,66.9,0,0.3834,1.5,3,174.1
975,4/6/2024 12:33,57.234,44.03,66.9,0,0.3829,1.5,3.74,169.9
976,4/6/2024 12:48,55.845,45.554,68.1,0,0.3834,1.5,5.97,181.1
977,4/6/2024 13:03,57.234,48.539,69.4,0,0.3829,1.5,3,192.3
978,4/6/2024 13:18,57.157,46.946,68.1,0,0.3829,1.5,3.74,192.3
979,4/6/2024 13:33,56.809,51.003,69.4,0,0.3829,1.5,3.74,158.6
980,4/6/2024 13:48,56.694,50.187,69.4,0,0.3829,1.5,4.47,178.3
981,4/6/2024 14:03,57.427,51.775,123.1,0,0.3829,0.74,3.74,181.1
982,4/6/2024 14:18,57.621,49.821,271.9,0,0.3829,1.5,3.74,176.9
983,4/6/2024 14:33,57.504,49.596,93.1,0,0.3829,1.5,3.74,182.5
984,4/6/2024 14:48,57.929,48.348,295.6,0,0.3829,1.5,3,172.7
985,4/6/2024 15:03,57.312,47.204,73.1,0,0.3829,1.5,3.74,185.3
986,4/6/2024 15:18,57.699,46.337,324.4,0,0.3829,1.5,3.74,181.1
987,4/6/2024 15:33,57.621,47.016,459.4,0,0.3829,1.5,3.74,178.3
988,4/6/2024 15:48,56.462,48.132,574.4,0,0.3829,1.5,3,175.5
989,4/6/2024 16:03,56.732,51.012,510.6,0,0.3829,0.74,3,175.5
990,4/6/2024 16:18,56.037,47.715,168.1,0,0.3829,0.74,2.24,217.6
991,4/6/2024 16:33,55.999,49.177,70.6,0,0.3829,0.74,2.24,224.6
992,4/6/2024 16:48,56.269,51.283,44.4,0,0.3829,0.74,3,167.1
993,4/6/2024 17:03,55.69,54.664,35.6,0,0.3829,0.74,2.24,176.9
994,4/6/2024 17:18,54.687,54.89,20.6,0,0.3829,0.74,2.24,186.7
995,4/6/2024 17:33,54.57,54.633,11.9,0,0.3829,0,2.24,188.1
996,4/6/2024 17:48,54.262,54.56,9.4,0,0.3822,0.74,2.24,134.8
997,4/6/2024 18:03,54.223,53.956,6.9,0,0.3834,0,1.5,139
998,4/6/2024 18:18,53.915,55.155,5.6,0,0.3829,0,1.5,151.6
999,4/6/2024 18:33,53.413,58.236,4.4,0,0.3829,0,0.74,153
1000,4/6/2024 18:48,53.296,57.348,1.9,0,0.3829,0,1.5,154.4
1001,4/6/2024 19:03,52.563,60.821,0.6,0,0.3829,0,1.5,154.4
1002,4/6/2024 19:18,50.324,69.02,0.6,0,0.3829,0,0.74,154.4
1003,4/6/2024 19:33,49.05,72.395,0.6,0,0.3829,0,1.5,150.2
1004,4/6/2024 19:48,48.123,74.939,0.6,0,0.3829,0.74,1.5,85.6
1005,4/6/2024 20:03,47.815,75.047,0.6,0,0.3829,0.74,1.5,26.7
1006,4/6/2024 20:18,47.313,75.94,0.6,0,0.3829,0.74,1.5,25.3
1007,4/6/2024 20:33,47.35,75.724,0.6,0,0.3829,0.74,1.5,23.9
1008,4/6/2024 20:48,46.965,76.132,0.6,0,0.3829,0,0.74,22.5
1009,4/6/2024 21:03,46.888,76.973,0.6,0,0.3829,0,1.5,21.1
1010,4/6/2024 21:18,46.695,78.067,0.6,0,0.3829,0,1.5,22.5
1011,4/6/2024 21:33,46.54,78.508,0.6,0,0.3829,0.74,1.5,16.8
1012,4/6/2024 21:48,46.888,77.774,0.6,0,0.3829,0.74,1.5,16.8
1013,4/6/2024 22:03,46.733,78.828,0.6,0,0.3829,0,0.74,16.8
1014,4/6/2024 22:18,46.308,80.09,0.6,0,0.3829,0,1.5,18.3
1015,4/6/2024 22:33,46.927,78.108,0.6,0,0.3829,0,1.5,22.5
1016,4/6/2024 22:48,46.348,78.117,0.6,0,0.3829,0.74,1.5,33.7
1017,4/6/2024 23:03,46.656,76.199,0.6,0,0.3829,0,1.5,36.5
1018,4/6/2024 23:18,46.54,75.688,0.6,0,0.3829,0,0.74,37.9
1019,4/6/2024 23:33,46.656,75.192,0.6,0,0.3829,0,1.5,37.9
1020,4/6/2024 23:48,46.618,75.674,0.6,0,0.3822,0,0.74,37.9
1021,4/7/2024 0:03,46.773,74.482,0.6,0,0.3829,0,1.5,37.9
1022,4/7/2024 0:18,46.27,76.063,0.6,0,0.3829,0.74,1.5,30.9
1023,4/7/2024 0:33,45.808,79.229,0.6,0,0.3829,0.74,1.5,28.1
1024,4/7/2024 0:48,45.498,80.568,0.6,0,0.3829,0,2.24,16.8
1025,4/7/2024 1:03,45.036,79.469,0.6,0,0.3829,0,0.74,15.4
1026,4/7/2024 1:18,44.688,79.707,0.6,0,0.3829,0,1.5,15.4
1027,4/7/2024 1:33,44.726,77.765,0.6,0,0.3829,0.74,1.5,8.4
1028,4/7/2024 1:48,44.301,78.018,0.6,0,0.3829,0,1.5,8.4
1029,4/7/2024 2:03,45.036,74.339,0.6,0,0.3829,0,1.5,8.4
1030,4/7/2024 2:18,44.186,79.217,0.6,0,0.3829,0,0.74,8.4
1031,4/7/2024 2:33,43.221,81.328,0.6,0,0.3829,0,0.74,8.4
1032,4/7/2024 2:48,43.684,80.027,0.6,0,0.3829,0.74,1.5,8.4
1033,4/7/2024 3:03,44.146,80.786,0.6,0,0.3829,0.74,1.5,9.8
1034,4/7/2024 3:18,44.186,83.5,0.6,0,0.3829,0.74,1.5,8.4
1035,4/7/2024 3:33,44.186,81.825,0.6,0,0.3822,0.74,1.5,8.4
1036,4/7/2024 3:48,43.644,82.983,0.6,0,0.3829,0.74,1.5,7
1037,4/7/2024 4:03,43.722,83.381,0.6,0,0.3822,0.74,1.5,8.4
1038,4/7/2024 4:18,43.606,85.19,0.6,0,0.3822,0.74,1.5,7
1039,4/7/2024 4:33,43.414,85.927,0.6,0,0.3822,0.74,1.5,5.6
1040,4/7/2024 4:48,43.722,85.684,0.6,0,0.3822,0.74,1.5,11.2
1041,4/7/2024 5:03,43.916,84.189,0.6,0,0.3822,0.74,1.5,8.4
1042,4/7/2024 5:18,43.569,83.763,0.6,0,0.3829,0.74,1.5,8.4
1043,4/7/2024 5:33,43.144,84.233,0.6,0,0.3822,0.74,1.5,8.4
1044,4/7/2024 5:48,42.679,86.848,0.6,0,0.3816,0,1.5,8.4
1045,4/7/2024 6:03,42.602,86.546,0.6,0,0.3822,0,1.5,8.4
1046,4/7/2024 6:18,42.719,85.734,0.6,0,0.3822,0,1.5,7
1047,4/7/2024 6:33,42.912,86.275,0.6,0,0.3822,0,0.74,7
1048,4/7/2024 6:48,43.491,86.546,0.6,0,0.3822,0,1.5,7
1049,4/7/2024 7:03,43.761,83.281,4.4,0,0.3822,0,1.5,7
1050,4/7/2024 7:18,45.151,80.517,8.1,0,0.3816,0,1.5,11.2
1051,4/7/2024 7:33,45.923,80.444,6.9,0,0.3822,0,0.74,11.2
1052,4/7/2024 7:48,46.695,78.462,26.9,0,0.3822,0,0.74,11.2
1053,4/7/2024 8:03,48.085,77.661,35.6,0,0.3822,0,0.74,11.2
1054,4/7/2024 8:18,49.629,75.743,69.4,0,0.3822,0,1.5,11.2
1055,4/7/2024 8:33,51.289,69.45,40.6,0,0.3822,0,0.74,11.2
1056,4/7/2024 8:48,53.143,70.408,31.9,0,0.3822,0.74,1.5,89.9
1057,4/7/2024 9:03,52.795,70.571,41.9,0,0.3829,0,1.5,153
1058,4/7/2024 9:18,53.953,68.751,46.9,0,0.3822,0.74,2.24,161.5
1059,4/7/2024 9:33,55.265,63.876,98.1,0,0.3822,0,1.5,179.7
1060,4/7/2024 9:48,55.42,56.861,155.6,0,0.3822,0.74,2.24,181.1
1061,4/7/2024 10:03,56.887,62.443,53.1,0,0.3822,0.74,3,171.3
1062,4/7/2024 10:18,57.119,55.708,75.6,0,0.3822,0.74,3,183.9
1063,4/7/2024 10:33,58.469,63.977,68.1,0,0.3822,0.74,3,181.1
1064,4/7/2024 10:48,58.161,65.902,58.1,0,0.3822,1.5,3,169.9
1065,4/7/2024 11:03,57.504,64.881,60.6,0,0.3822,1.5,4.47,179.7
1066,4/7/2024 11:18,58.046,65.646,63.1,0,0.3822,1.5,3.74,189.5
1067,4/7/2024 11:33,58.239,62.31,65.6,0,0.3822,1.5,3.74,175.5
1068,4/7/2024 11:48,59.241,61.445,113.1,0,0.3822,1.5,4.47,169.9
1069,4/7/2024 12:03,59.743,65.124,59.4,0,0.3822,1.5,3,186.7
1070,4/7/2024 12:18,58.546,63.156,73.1,0,0.3822,1.5,3.74,179.7
1071,4/7/2024 12:33,59.126,61.697,78.1,0,0.3822,1.5,4.47,179.7
1072,4/7/2024 12:48,60.168,62.542,73.1,0,0.3822,0.74,3.74,178.3
1073,4/7/2024 13:03,59.821,60.264,115.6,0,0.3822,1.5,3.74,178.3
1074,4/7/2024 13:18,60.361,50.005,74.4,0,0.3822,1.5,3.74,182.5
1075,4/7/2024 13:33,61.675,51.514,71.9,0,0.3822,0.74,3.74,168.5
1076,4/7/2024 13:48,60.438,49.079,71.9,0,0.3822,1.5,4.47,169.9
1077,4/7/2024 14:03,60.323,47.056,130.6,0,0.3822,1.5,3,171.3
1078,4/7/2024 14:18,60.786,45.376,299.4,0,0.3822,1.5,3,162.9
1079,4/7/2024 14:33,61.558,47.216,109.4,0,0.3822,0.74,3,172.7
1080,4/7/2024 14:48,61.828,44.352,355.6,0,0.3822,1.5,3.74,172.7
1081,4/7/2024 15:03,60.053,45.986,85.6,0,0.3822,1.5,3.74,172.7
1082,4/7/2024 15:18,60.285,48.246,261.9,0,0.3822,0.74,2.24,165.7
1083,4/7/2024 15:33,60.168,47.028,326.9,0,0.3822,1.5,3,175.5
1084,4/7/2024 15:48,59.166,46.334,294.4,0,0.3822,0.74,4.47,137.6
1085,4/7/2024 16:03,59.241,48.287,441.9,0,0.3822,1.5,3.74,179.7
1086,4/7/2024 16:18,59.358,55.114,100.6,0,0.3822,0.74,3,195.1
1087,4/7/2024 16:33,59.088,51.131,60.6,0,0.3822,0.74,3.74,168.5
1088,4/7/2024 16:48,59.126,53.906,45.6,0,0.3822,0.74,5.23,193.7
1089,4/7/2024 17:03,58.624,54.267,39.4,0,0.3822,0.74,3.74,179.7
1090,4/7/2024 17:18,58.546,52.422,21.9,0,0.3822,0.74,3,188.1
1091,4/7/2024 17:33,58.469,53.565,14.4,0,0.3822,0.74,3,206.4
1092,4/7/2024 17:48,58.276,57.462,10.6,0,0.3822,0.74,2.24,206.4
1093,4/7/2024 18:03,57.774,58.561,6.9,0,0.3822,0.74,2.24,203.6
1094,4/7/2024 18:18,57.736,58.611,5.6,0,0.3822,0,3,134.8
1095,4/7/2024 18:33,57.274,62.379,4.4,0,0.3822,0,0.74,119.3
1096,4/7/2024 18:48,56.307,63.656,1.9,0,0.3822,0,1.5,120.7
1097,4/7/2024 19:03,57.234,54.945,0.6,0,0.3822,0.74,4.47,150.2
1098,4/7/2024 19:18,56.772,51.676,0.6,0,0.3822,0.74,5.23,255.5
1099,4/7/2024 19:33,56.385,48.724,0.6,0,0.3822,0.74,3.74,268.1
1100,4/7/2024 19:48,56.385,50.069,0.6,0,0.3822,0.74,3,77.2
1101,4/7/2024 20:03,56.772,45.957,0.6,0,0.3822,1.5,6.73,328.5
1102,4/7/2024 20:18,56.694,46.983,0.6,0,0.3822,1.5,7.47,21.1
1103,4/7/2024 20:33,57.274,42.773,0.6,0,0.3822,2.24,9.71,29.5
1104,4/7/2024 20:48,56.694,44.114,0.6,0,0.3822,2.24,5.97,33.7
1105,4/7/2024 21:03,56.539,44.305,0.6,0,0.3822,1.5,5.23,339.7
1106,4/7/2024 21:18,56.579,42.219,0.6,0,0.3822,1.5,5.97,317.3
1107,4/7/2024 21:33,55.922,43.569,0.6,0,0.3822,1.5,7.47,22.5
1108,4/7/2024 21:48,56.579,41.111,0.6,0,0.3822,1.5,7.47,44.9
1109,4/7/2024 22:03,56.462,42.625,0.6,0,0.3822,2.24,8.21,66
1110,4/7/2024 22:18,56.154,41.701,0.6,0,0.3822,2.24,9.71,42.1
1111,4/7/2024 22:33,56.232,41.425,0.6,0,0.3822,2.24,8.21,36.5
1112,4/7/2024 22:48,56.192,41.994,0.6,0,0.3822,1.5,5.23,36.5
1113,4/7/2024 23:03,56.424,40.96,0.6,0,0.3822,2.24,11.95,50.5
1114,4/7/2024 23:18,56.232,41.274,0.6,0,0.3822,3,7.47,43.5
1115,4/7/2024 23:33,55.922,40.354,0.6,0,0.3822,3,8.21,44.9
1116,4/7/2024 23:48,56.232,38.647,0.6,0,0.3822,3,11.21,43.5
1117,4/8/2024 0:03,55.96,39.297,0.6,0,0.3822,3,8.97,57.6
1118,4/8/2024 0:18,55.999,40.529,0.6,0,0.3822,2.24,8.21,43.5
1119,4/8/2024 0:33,56.077,39.782,0.6,0,0.3822,3.74,14.2,50.5
1120,4/8/2024 0:48,55.535,40.612,0.6,0,0.3822,3,12.71,53.3
1121,4/8/2024 1:03,55.652,39.742,0.6,0,0.3822,3.74,14.2,73
1122,4/8/2024 1:18,55.459,39.31,0.6,0,0.3822,3.74,14.94,73
1123,4/8/2024 1:33,55.035,39.023,0.6,0,0.3822,3.74,15.68,50.5
1124,4/8/2024 1:48,55.188,38.978,0.6,0,0.3822,4.47,17.18,59
1125,4/8/2024 2:03,55.188,39.701,0.6,0,0.3822,4.47,12.71,70.2
1126,4/8/2024 2:18,54.802,41.48,0.6,0,0.3822,4.47,14.2,70.2
1127,4/8/2024 2:33,54.378,42.025,0.6,0,0.3822,3,11.21,77.2
1128,4/8/2024 2:48,53.683,43.642,0.6,0,0.3822,2.24,6.73,231.6
1129,4/8/2024 3:03,53.258,45.916,0.6,0,0.3816,0,2.24,200.8
1130,4/8/2024 3:18,51.791,46.302,0.6,0,0.3822,0,2.24,235.9
1131,4/8/2024 3:33,52.641,45.588,0.6,0,0.3816,0.74,5.23,174.1
1132,4/8/2024 3:48,52.756,46.291,0.6,0,0.3816,0.74,6.73,165.7
1133,4/8/2024 4:03,54.532,41.833,0.6,0,0.3816,2.24,8.97,42.1
1134,4/8/2024 4:18,54.995,41.595,0.6,0,0.3816,3.74,12.71,46.3
1135,4/8/2024 4:33,54.84,42.411,0.6,0,0.3811,3,9.71,46.3
1136,4/8/2024 4:48,54.88,42.286,0.6,0,0.3822,3,8.97,46.3
1137,4/8/2024 5:03,54.957,42.478,0.6,0,0.3816,3.74,10.47,44.9
1138,4/8/2024 5:18,55.227,42.222,0.6,0,0.3811,3.74,9.71,35.1
1139,4/8/2024 5:33,55.42,42.199,0.6,0,0.3816,3.74,9.71,42.1
1140,4/8/2024 5:48,55.535,43.157,0.6,0,0.3816,3.74,10.47,36.5
1141,4/8/2024 6:03,55.69,42.48,0.6,0,0.3816,3.74,11.21,47.7
1142,4/8/2024 6:18,55.072,44.868,0.6,0,0.3822,3,7.47,30.9
1143,4/8/2024 6:33,55.342,43.957,0.6,0,0.3816,3,9.71,28.1
1144,4/8/2024 6:48,55.42,43.961,0.6,0,0.3811,3.74,9.71,40.7
1145,4/8/2024 7:03,55.575,44.332,1.9,0,0.3816,3.74,14.2,36.5
1146,4/8/2024 7:18,55.807,43.362,3.1,0,0.3816,3.74,11.95,44.9
1147,4/8/2024 7:33,56.154,43.299,9.4,0,0.3822,3.74,9.71,44.9
1148,4/8/2024 7:48,57.466,41.851,33.1,0,0.3816,3,8.97,49.1
1149,4/8/2024 8:03,58.818,39.69,28.1,0,0.3816,3,9.71,57.6
1150,4/8/2024 8:18,60.168,39.59,126.9,0,0.3816,2.24,11.21,110.9
1151,4/8/2024 8:33,61.056,35.808,34.4,0,0.3816,2.24,9.71,74.4
1152,4/8/2024 8:48,61.867,34.366,44.4,0,0.3816,1.5,6.73,49.1
1153,4/8/2024 9:03,62.33,38.63,49.4,0,0.3816,1.5,5.23,205
1154,4/8/2024 9:18,63.334,38.607,44.4,0,0.3816,0.74,3,158.6
1155,4/8/2024 9:33,63.219,42.219,64.4,0,0.3816,0.74,2.24,176.9
1156,4/8/2024 9:48,63.412,37.829,141.9,0,0.3816,1.5,2.24,175.5
1157,4/8/2024 10:03,64.724,38.88,69.4,0,0.3816,0.74,2.24,207.8
1158,4/8/2024 10:18,65.574,45.083,131.9,0,0.3816,1.5,4.47,168.5
1159,4/8/2024 10:33,63.334,43.679,46.9,0,0.3816,1.5,2.24,178.3
1160,4/8/2024 10:48,64.801,41.688,38.1,0,0.3811,0.74,2.24,178.3
1161,4/8/2024 11:03,64.762,46.511,33.1,0,0.3816,0.74,2.24,140.4
1162,4/8/2024 11:18,64.879,49.429,34.4,0,0.3811,0.74,2.24,181.1
1163,4/8/2024 11:33,64.029,50.727,43.1,0,0.3816,0.74,2.24,176.9
1164,4/8/2024 11:48,65.574,50.367,73.1,0,0.3811,0.74,2.24,174.1
1165,4/8/2024 12:03,66.231,52.004,63.1,0,0.3816,0.74,3,181.1
1166,4/8/2024 12:18,68.7,41.294,68.1,0,0.3816,0.74,2.24,174.1
1167,4/8/2024 12:33,69.742,36.486,69.4,0,0.3816,1.5,5.23,192.3
1168,4/8/2024 12:48,69.937,34.444,69.4,0,0.3816,0.74,3,115.1
1169,4/8/2024 13:03,71.249,32.883,118.1,0,0.3816,0.74,2.24,101.1
1170,4/8/2024 13:18,69.125,34.128,69.4,0,0.3816,1.5,5.23,102.5
1171,4/8/2024 13:33,72.523,38.882,70.6,0,0.3816,1.5,4.47,150.2
1172,4/8/2024 13:48,73.681,36.756,73.1,0,0.3822,1.5,4.47,164.3
1173,4/8/2024 14:03,72.831,36.536,86.9,0,0.3822,1.5,3.74,175.5
1174,4/8/2024 14:18,72.909,39.706,546.9,0,0.3816,1.5,5.97,168.5
1175,4/8/2024 14:33,72.174,37.113,93.1,0,0.3816,1.5,3,172.7
1176,4/8/2024 14:48,72.523,38.102,410.6,0,0.3816,0.74,3.74,179.7
1177,4/8/2024 15:03,72.174,38.408,230.6,0,0.3822,0.74,3,185.3
1178,4/8/2024 15:18,72.136,39.242,223.1,0,0.3822,1.5,4.47,186.7
